Setup title,NEWOFET_Id-Vd
Application test name,Id-Vd[3]
Test date,9/27/2022
Test time,12:42:25
Device ID,D3
Count,2
Flags,
Remarks,
Name,Gate,Source,Drain,VgStart,VgStop,VgStep,Vs,VdStart,VdStop,VdStep,IgLimit,IntegTime,HoldTime,DelayTime,DrainMinRng
Value,"SMU2:HR	HRSMU","SMU1:HR	HRSMU","SMU3:HR	HRSMU",0,15,3,0,-1,20,0.2,0.0001,MEDIUM,0.1,0.1,1nA
Name,Polarity,Lg,Wg,Temp,IdMax
Value,-1,1E-07,1E-05,25,0.0005
Vdrain,Idrain,Igate,rout,Vgate,Vsource,IdrainPerWg
1,6.56386E-10,2.482E-12,1135621610.87926,0,0,6.56386E-11
0.8,4.80271E-10,1.038E-12,1235185493.98156,0,0,4.80271E-11
0.6,3.32548E-10,6.11E-13,1455667641.96399,0,0,3.32548E-11
0.4,2.05483E-10,8.14E-13,1686930924.39597,0,0,2.05483E-11
0.2,9.5431E-11,1.133E-12,1929217027.26948,0,0,9.5431E-12
0,-1.855E-12,8.659E-12,2183644502.67496,0,0,-1.855E-13
-0.2,-8.7749E-11,9.329E-12,2456926998.55656,0,0,-8.7749E-12
-0.4,-1.6466E-10,9.662E-12,2711717330.58546,0,0,-1.6466E-11
-0.6,-2.35257E-10,9.677E-12,2956611722.96548,0,0,-2.35257E-11
-0.8,-2.9995E-10,9.673E-12,3198030013.51168,0,0,-2.9995E-11
-1,-3.60334E-10,9.208E-12,3411164742.20122,0,0,-3.60334E-11
-1.2,-4.17212E-10,8.833E-12,3607210814.41802,0,0,-4.17212E-11
-1.4,-4.71223E-10,8.353E-12,3789673140.69161,0,0,-4.71223E-11
-1.6,-5.22762E-10,7.898E-12,3949057162.60243,0,0,-5.22762E-11
-1.8,-5.72513E-10,7.469E-12,4082340814.22288,0,0,-5.72513E-11
-2,-6.20745E-10,6.978E-12,4260803800.63699,0,0,-6.20745E-11
-2.2,-6.66392E-10,2.577E-12,4358153014.75234,0,0,-6.66392E-11
-2.4,-7.12527E-10,2.372E-12,4383177365.27208,0,0,-7.12527E-11
-2.6,-7.5765E-10,2.347E-12,4454392587.89074,0,0,-7.5765E-11
-2.8,-8.02326E-10,2.214E-12,4513755670.40556,0,0,-8.02326E-11
-3,-8.46268E-10,2.208E-12,4562980538.888,0,0,-8.46268E-11
-3.2,-8.89988E-10,2.127E-12,4588103048.79447,0,0,-8.89988E-11
-3.4,-9.3345E-10,1.977E-12,4633115190.82643,0,0,-9.3345E-11
-3.6,-9.76323E-10,1.901E-12,4663635303.71926,0,0,-9.76323E-11
-3.8,-1.01922E-09,1.976E-12,4623368817.68901,0,0,-1.01922E-10
-4,-1.06284E-09,2.367E-12,4644681839.294,0,0,-1.06284E-10
-4.2,-1.10534E-09,2.383E-12,4699248120.30076,0,0,-1.10534E-10
-4.4,-1.14796E-09,2.226E-12,4715868898.84462,0,0,-1.14796E-10
-4.6,-1.19016E-09,2.155E-12,4733727810.65089,0,0,-1.19016E-10
-4.8,-1.23246E-09,2.177E-12,4727014890.09689,0,0,-1.23246E-10
-5,-1.27478E-09,2.018E-12,4724223455.76946,0,0,-1.27478E-10
-5.2,-1.31713E-09,1.861E-12,4725897920.60492,0,0,-1.31713E-10
-5.4,-1.35942E-09,1.974E-12,4735969689.79399,0,0,-1.35942E-10
-5.6,-1.40159E-09,1.843E-12,4727014890.09691,0,0,-1.40159E-10
-5.8,-1.44404E-09,1.909E-12,4703668861.71212,0,0,-1.44404E-10
-6,-1.48663E-09,1.776E-12,4696489374.19279,0,0,-1.48663E-10
-6.2,-1.52921E-09,1.774E-12,4695938013.61823,0,0,-1.52921E-10
-6.4,-1.57181E-09,1.687E-12,4682744088.03559,0,0,-1.57181E-10
-6.6,-1.61463E-09,1.763E-12,4666900011.66724,0,0,-1.61463E-10
-6.8,-1.65752E-09,1.678E-12,4666900011.66725,0,0,-1.65752E-10
-7,-1.70034E-09,1.767E-12,4666900011.66726,0,0,-1.70034E-10
-7.2,-1.74323E-09,1.64E-12,4652244708.07164,0,0,-1.74323E-10
-7.4,-1.78632E-09,1.778E-12,4632310364.79444,0,0,-1.78632E-10
-7.6,-1.82958E-09,1.65E-12,4608825901.60157,0,0,-1.82958E-10
-7.8,-1.87311E-09,1.669E-12,4605111673.95809,0,0,-1.87311E-10
-8,-1.91644E-09,1.509E-12,4606172270.84292,0,0,-1.91644E-10
-8.2,-1.95995E-09,1.619E-12,4579278763.59473,0,0,-1.95995E-10
-8.4,-2.00379E-09,1.442E-12,4560483411.2416,0,0,-2.00379E-10
-8.6,-2.04766E-09,1.733E-12,4557365842.54301,0,0,-2.04766E-10
-8.8,-2.09156E-09,1.697E-12,4524886877.82805,0,0,-2.09156E-10
-9,-2.13606E-09,1.539E-12,4510599909.78802,0,0,-2.13606E-10
-9.2,-2.18024E-09,1.637E-12,4503490204.90882,0,0,-2.18024E-10
-9.4,-2.22488E-09,1.479E-12,4485310607.75958,0,0,-2.22488E-10
-9.6,-2.26942E-09,1.56E-12,4482294935.00673,0,0,-2.26942E-10
-9.8,-2.31412E-09,1.609E-12,4458811726.67484,0,0,-2.31412E-10
-10,-2.35913E-09,1.669E-12,4433606739.08224,0,0,-2.35913E-10
-10.2,-2.40434E-09,1.57E-12,4421843908.91001,0,0,-2.40434E-10
-10.4,-2.44959E-09,1.628E-12,4414036636.50408,0,0,-2.44959E-10
-10.6,-2.49496E-09,1.609E-12,4391743522.17831,0,0,-2.49496E-10
-10.8,-2.54067E-09,1.547E-12,4374453193.35082,0,0,-2.54067E-10
-11,-2.5864E-09,1.674E-12,4373496610.54013,0,0,-2.5864E-10
-11.2,-2.63213E-09,1.57E-12,4342633807.40419,0,0,-2.63213E-10
-11.4,-2.67851E-09,1.778E-12,4309416074.12194,0,0,-2.67851E-10
-11.6,-2.72495E-09,1.64E-12,4308951847.46311,0,0,-2.72495E-10
-11.8,-2.77134E-09,1.793E-12,4296916962.07972,0,0,-2.77134E-10
-12,-2.81804E-09,1.782E-12,4284949116.22925,0,0,-2.81804E-10
-12.2,-2.86469E-09,1.667E-12,4265756638.58376,0,0,-2.86469E-10
-12.4,-2.91181E-09,1.763E-12,4251248804.33626,0,0,-2.91181E-10
-12.6,-2.95878E-09,1.601E-12,4236839317.86888,0,0,-2.95878E-10
-12.8,-3.00622E-09,1.783E-12,4205656608.13794,0,0,-3.00622E-10
-13,-3.05389E-09,1.694E-12,4195070791.81961,0,0,-3.05389E-10
-13.2,-3.10157E-09,1.751E-12,4181913225.30059,0,0,-3.10157E-10
-13.4,-3.14954E-09,1.728E-12,4162330905.30695,0,0,-3.14954E-10
-13.6,-3.19767E-09,1.716E-12,4153686396.67705,0,0,-3.19767E-10
-13.8,-3.24584E-09,1.635E-12,4133512452.20627,0,0,-3.24584E-10
-14,-3.29444E-09,1.707E-12,4113956597.75789,0,0,-3.29444E-10
-14.2,-3.34307E-09,1.849E-12,4107197864.25712,0,0,-3.34307E-10
-14.4,-3.39183E-09,1.84E-12,4091653027.82323,0,0,-3.39183E-10
-14.6,-3.44083E-09,1.746E-12,4074564530.91575,0,0,-3.44083E-10
-14.8,-3.49E-09,1.75E-12,4051453458.92839,0,0,-3.49E-10
-15,-3.53956E-09,1.78E-12,4043262913.17094,0,0,-3.53956E-10
-15.2,-3.58893E-09,1.884E-12,4039180046.45058,0,0,-3.58893E-10
-15.4,-3.63859E-09,1.784E-12,4007212983.37004,0,0,-3.63859E-10
-15.6,-3.68875E-09,1.872E-12,3992812936.71392,0,0,-3.68875E-10
-15.8,-3.73877E-09,1.828E-12,3986446083.31674,0,0,-3.73877E-10
-16,-3.78909E-09,1.872E-12,3970223325.06202,0,0,-3.78909E-10
-16.2,-3.83952E-09,1.933E-12,3949057162.60241,0,0,-3.83952E-10
-16.4,-3.89038E-09,1.792E-12,3929659102.07292,0,0,-3.89038E-10
-16.6,-3.94131E-09,1.795E-12,3914277326.54861,0,0,-3.94131E-10
-16.8,-3.99257E-09,1.825E-12,3903200624.51209,0,0,-3.99257E-10
-17,-4.04379E-09,1.974E-12,3902819787.29632,0,0,-4.04379E-10
-17.2,-4.09506E-09,2.015E-12,3868097862.87595,0,0,-4.09506E-10
-17.4,-4.1472E-09,1.982E-12,3850226200.78931,0,0,-4.1472E-10
-17.6,-4.19895E-09,1.963E-12,3852451122.02637,0,0,-4.19895E-10
-17.8,-4.25103E-09,2.044E-12,3840245775.72963,0,0,-4.25103E-10
-18,-4.30311E-09,2.019E-12,3824823101.93152,0,0,-4.30311E-10
-18.2,-4.35561E-09,2.061E-12,3794706384.59351,0,0,-4.35561E-10
-18.4,-4.40852E-09,1.955E-12,3781433163.16888,0,0,-4.40852E-10
-18.6,-4.46139E-09,1.939E-12,3773228940.66596,0,0,-4.46139E-10
-18.8,-4.51453E-09,2.061E-12,3752345215.75982,0,0,-4.51453E-10
-19,-4.56799E-09,1.957E-12,3740415186.08566,0,0,-4.56799E-10
-19.2,-4.62147E-09,2.188E-12,3734129947.7222,0,0,-4.62147E-10
-19.4,-4.67511E-09,2.153E-12,3712296983.7587,0,0,-4.67511E-10
-19.6,-4.72922E-09,1.932E-12,3693444136.65743,0,0,-4.72922E-10
-19.8,-4.78341E-09,2.145E-12,3689015954.994,0,0,-4.78341E-10
-20,-4.83765E-09,2.115E-12,3795066413.66222,0,0,-4.83765E-10
-20,-4.83611E-09,7.19E-13,3384094754.6531,0,0,-4.83611E-10
-19.8,-4.77855E-09,-1.381E-12,3538883482.26135,0,0,-4.77855E-10
-19.6,-4.72308E-09,-1.393E-12,3625158600.68877,0,0,-4.72308E-10
-19.4,-4.66821E-09,-1.485E-12,3663003663.00367,0,0,-4.66821E-10
-19.2,-4.61388E-09,-1.492E-12,3675457134.98119,0,0,-4.61388E-10
-19,-4.55938E-09,-1.534E-12,3692421305.27091,0,0,-4.55938E-10
-18.8,-4.50555E-09,-1.61E-12,3716435937.93549,0,0,-4.50555E-10
-18.6,-4.45175E-09,-1.525E-12,3744617112.90021,0,0,-4.45175E-10
-18.4,-4.39873E-09,-1.798E-12,3757279729.47589,0,0,-4.39873E-10
-18.2,-4.34529E-09,-1.63E-12,3756221241.43114,0,0,-4.34529E-10
-18,-4.29224E-09,-1.491E-12,3788596325.06154,0,0,-4.29224E-10
-17.8,-4.23971E-09,-1.691E-12,3799753016.05394,0,0,-4.23971E-10
-17.6,-4.18697E-09,-1.585E-12,3819344982.33552,0,0,-4.18697E-10
-17.4,-4.13498E-09,-1.636E-12,3843936190.65927,0,0,-4.13498E-10
-17.2,-4.08291E-09,-1.63E-12,3852822192.25587,0,0,-4.08291E-10
-17,-4.03116E-09,-1.609E-12,3860258637.32868,0,0,-4.03116E-10
-16.8,-3.97929E-09,-1.732E-12,3870718018.19235,0,0,-3.97929E-10
-16.6,-3.92782E-09,-1.662E-12,3896356906.29263,0,0,-3.92782E-10
-16.4,-3.87663E-09,-1.574E-12,3918111470.27133,0,0,-3.87663E-10
-16.2,-3.82573E-09,-1.573E-12,3931590328.28779,0,0,-3.82573E-10
-16,-3.77489E-09,-1.536E-12,3946719289.59052,0,0,-3.77489E-10
-15.8,-3.72438E-09,-1.557E-12,3968253968.25396,0,0,-3.72438E-10
-15.6,-3.67409E-09,-1.579E-12,3974167908.59414,0,0,-3.67409E-10
-15.4,-3.62373E-09,-1.616E-12,3991617603.03361,0,0,-3.62373E-10
-15.2,-3.57388E-09,-1.551E-12,4019696512.91329,0,0,-3.57388E-10
-15,-3.52422E-09,-1.661E-12,4025764895.33012,0,0,-3.52422E-10
-14.8,-3.47452E-09,-1.562E-12,4048173261.81561,0,0,-3.47452E-10
-14.6,-3.42541E-09,-1.614E-12,4067520846.04433,0,0,-3.42541E-10
-14.4,-3.37618E-09,-1.622E-12,4066280370.0315,0,0,-3.37618E-10
-14.2,-3.32704E-09,-1.639E-12,4088307440.71956,0,0,-3.32704E-10
-14,-3.27834E-09,-1.644E-12,4109729785.26662,0,0,-3.27834E-10
-13.8,-3.22971E-09,-1.668E-12,4116073266.10413,0,0,-3.22971E-10
-13.6,-3.18116E-09,-1.494E-12,4138644593.8955,0,0,-3.18116E-10
-13.4,-3.13306E-09,-1.616E-12,4164064126.58754,0,0,-3.13306E-10
-13.2,-3.0851E-09,-1.63E-12,4177545691.90602,0,0,-3.0851E-10
-13,-3.03731E-09,-1.677E-12,4194191045.40213,0,0,-3.03731E-10
-12.8,-2.98973E-09,-1.595E-12,4203888596.95218,0,0,-2.98973E-10
-12.6,-2.94216E-09,-1.534E-12,4228329809.72516,0,0,-2.94216E-10
-12.4,-2.89513E-09,-1.6E-12,4249442260.70327,0,0,-2.89513E-10
-12.2,-2.84803E-09,-1.683E-12,4258037044.92229,0,0,-2.84803E-10
-12,-2.80119E-09,-1.736E-12,4280363830.92562,0,0,-2.80119E-10
-11.8,-2.75458E-09,-1.747E-12,4285408185.12964,0,0,-2.75458E-10
-11.6,-2.70785E-09,-1.735E-12,4299226139.29493,0,0,-2.70785E-10
-11.4,-2.66154E-09,-1.639E-12,4334633723.45035,0,0,-2.66154E-10
-11.2,-2.61557E-09,-1.608E-12,4354926510.61514,0,0,-2.61557E-10
-11,-2.56969E-09,-1.646E-12,4363001745.20071,0,0,-2.56969E-10
-10.8,-2.52389E-09,-1.588E-12,4383561643.83562,0,0,-2.52389E-10
-10.6,-2.47844E-09,-1.616E-12,4401408450.70423,0,0,-2.47844E-10
-10.4,-2.43301E-09,-1.676E-12,4405771560.74457,0,0,-2.43301E-10
-10.2,-2.38765E-09,-1.704E-12,4419889502.76243,0,0,-2.38765E-10
-10,-2.34251E-09,-1.625E-12,4443950672.14753,0,0,-2.34251E-10
-9.8,-2.29764E-09,-1.704E-12,4468275245.75515,0,0,-2.29764E-10
-9.6,-2.25299E-09,-1.687E-12,4478781771.3582,0,0,-2.25299E-10
-9.4,-2.20833E-09,-1.732E-12,4497413986.95749,0,0,-2.20833E-10
-9.2,-2.16405E-09,-1.735E-12,4511108604.93968,0,0,-2.16405E-10
-9,-2.11966E-09,-1.711E-12,4526935264.8257,0,0,-2.11966E-10
-8.8,-2.07569E-09,-1.561E-12,4543389368.46888,0,0,-2.07569E-10
-8.6,-2.03162E-09,-1.705E-12,4549073126.35052,0,0,-2.03162E-10
-8.4,-1.98776E-09,-1.746E-12,4566731362.02763,0,0,-1.98776E-10
-8.2,-1.94403E-09,-1.784E-12,4589787722.31784,0,0,-1.94403E-10
-8,-1.90061E-09,-1.723E-12,4610419548.17888,0,0,-1.90061E-10
-7.8,-1.85727E-09,-1.804E-12,4615739672.28247,0,0,-1.85727E-10
-7.6,-1.81395E-09,-1.694E-12,4623742919.89365,0,0,-1.81395E-10
-7.4,-1.77076E-09,-1.829E-12,4641448131.81713,0,0,-1.77076E-10
-7.2,-1.72777E-09,-1.651E-12,4662004662.00466,0,0,-1.72777E-10
-7,-1.68496E-09,-1.926E-12,4678909814.01335,0,0,-1.68496E-10
-6.8,-1.64228E-09,-1.889E-12,4683292354.52522,0,0,-1.64228E-10
-6.6,-1.59955E-09,-1.839E-12,4687683112.62158,0,0,-1.59955E-10
-6.4,-1.55695E-09,-1.906E-12,4703668861.71214,0,0,-1.55695E-10
-6.2,-1.51451E-09,-1.968E-12,4708652148.32255,0,0,-1.51451E-10
-6,-1.472E-09,-2.079E-12,4713090609.16697,0,0,-1.472E-10
-5.8,-1.42964E-09,-2.062E-12,4731488052.99266,0,0,-1.42964E-10
-5.6,-1.38746E-09,-2.219E-12,4743833017.07779,0,0,-1.38746E-10
-5.4,-1.34532E-09,-2.169E-12,4740459824.60299,0,0,-1.34532E-10
-5.2,-1.30308E-09,-2.304E-12,4741583688.95211,0,0,-1.30308E-10
-5,-1.26096E-09,-2.338E-12,4741021690.17424,0,0,-1.26096E-10
-4.8,-1.21871E-09,-2.309E-12,4741583688.95211,0,0,-1.21871E-10
-4.6,-1.1766E-09,-2.448E-12,4752851711.02661,0,0,-1.1766E-10
-4.4,-1.13455E-09,-2.531E-12,4739898092.19102,0,0,-1.13455E-10
-4.2,-1.09221E-09,-2.498E-12,4720320981.82677,0,0,-1.09221E-10
-4,-1.04981E-09,-2.66E-12,4711980209.68311,0,0,-1.04981E-10
-3.8,-1.00732E-09,-2.834E-12,4714534911.13102,0,0,-1.00732E-10
-3.6,-9.64966E-10,-2.87E-12,4735913616.93563,0,0,-9.64966E-11
-3.4,-9.22859E-10,-2.221E-12,4691366712.4075,0,0,-9.22859E-11
-3.2,-8.79703E-10,-2.287E-12,4627005517.70408,0,0,-8.79703E-11
-3,-8.3641E-10,-2.363E-12,4581691560.52414,0,0,-8.3641E-11
-2.8,-7.92399E-10,-2.347E-12,4523709894.48446,0,0,-7.92399E-11
-2.6,-7.47987E-10,-2.537E-12,4473572371.21704,0,0,-7.47987E-11
-2.4,-7.02985E-10,-2.657E-12,4400633691.25154,0,0,-7.02985E-11
-2.2,-6.57091E-10,-2.889E-12,4323202628.5072,0,0,-6.57091E-11
-2,-6.10461E-10,-2.998E-12,4218385834.66037,0,0,-6.10461E-11
-1.8,-5.62268E-10,-3.172E-12,4093788699.09629,0,0,-5.62268E-11
-1.6,-5.12752E-10,-3.34E-12,3922722369.32431,0,0,-5.12752E-11
-1.4,-4.60298E-10,-4.245E-12,3804921666.1752,0,0,-4.60298E-11
-1.2,-4.07625E-10,-3.548E-12,3667436828.40063,0,0,-4.07625E-11
-1,-3.5123E-10,-3.532E-12,3435835767.05033,0,0,-3.5123E-11
-0.8,-2.91205E-10,-3.482E-12,3214090573.07235,0,0,-2.91205E-11
-0.6,-2.26778E-10,-3.325E-12,2978295670.30267,0,0,-2.26778E-11
-0.4,-1.569E-10,-3.08E-12,2715896823.07969,0,0,-1.569E-11
-0.2,-7.9497E-11,-9.551E-12,2458104678.38773,0,0,-7.9497E-12
0,5.827E-12,-9.353E-12,2204816421.47271,0,0,5.827E-13
0.2,1.01924E-10,-8.608E-12,1943965203.02287,0,0,1.01924E-11
0.4,2.11592E-10,-7.429E-12,1692505585.26843,0,0,2.11592E-11
0.6,3.3826E-10,-6.109E-12,1459715501.44877,0,0,3.3826E-11
0.8,4.85618E-10,-4.711E-12,1243970629.85343,0,0,4.85618E-11
1,6.59811E-10,3.6E-13,1148151762.69999,0,0,6.59811E-11
1,1.1233E-08,-7.5754E-11,61930050.0085154,-3,0,1.1233E-09
0.8,8.00355E-09,-5.151E-12,68191194.471058,-3,0,8.00355E-10
0.6,5.36714E-09,-3.622E-12,83350003.3340001,-3,0,5.36714E-10
0.4,3.20451E-09,-3.101E-12,101861259.870993,-3,0,3.20451E-10
0.2,1.44023E-09,-2.917E-12,124912093.114471,-3,0,1.44023E-10
0,2.258E-12,-2.636E-12,153246136.281789,-3,0,2.258E-13
-0.2,-1.16995E-09,-2.663E-12,188169943.803046,-3,0,-1.16995E-10
-0.4,-2.12348E-09,-2.208E-12,230262211.092882,-3,0,-2.12348E-10
-0.6,-2.9071E-09,-2.167E-12,280231751.658622,-3,0,-2.9071E-10
-0.8,-3.55087E-09,-2.185E-12,340274942.15326,-3,0,-3.55087E-10
-1,-4.08262E-09,-1.941E-12,410707135.009703,-3,0,-4.08262E-10
-1.2,-4.5248E-09,-1.817E-12,492035180.515407,-3,0,-4.5248E-10
-1.4,-4.89557E-09,-1.843E-12,584376689.213867,-3,0,-4.89557E-10
-1.6,-5.20929E-09,-1.719E-12,686212279.768746,-3,0,-5.20929E-10
-1.8,-5.47848E-09,-1.626E-12,797321001.435178,-3,0,-5.47848E-10
-2,-5.71097E-09,-1.556E-12,918589964.40464,-3,0,-5.71097E-10
-2.2,-5.91393E-09,-1.68E-12,1043432894.22199,-3,0,-5.91393E-10
-2.4,-6.09432E-09,-1.452E-12,1171474593.64475,-3,0,-6.09432E-10
-2.6,-6.25538E-09,-1.638E-12,1302889156.705,-3,0,-6.25538E-10
-2.8,-6.40133E-09,-1.456E-12,1431741713.79483,-3,0,-6.40133E-10
-3,-6.53476E-09,-1.579E-12,1560305819.9407,-3,0,-6.53476E-10
-3.2,-6.65769E-09,-1.558E-12,1685061926.02578,-3,0,-6.65769E-10
-3.4,-6.77214E-09,-1.536E-12,1808563548.40169,-3,0,-6.77214E-10
-3.6,-6.87886E-09,-1.498E-12,1922152811.14849,-3,0,-6.87886E-10
-3.8,-6.98024E-09,-1.546E-12,2026958548.69768,-3,0,-6.98024E-10
-4,-7.0762E-09,-1.128E-12,2135269310.84182,-3,0,-7.0762E-10
-4.2,-7.16757E-09,-1.222E-12,2231395738.03415,-3,0,-7.16757E-10
-4.4,-7.25546E-09,-1.42E-12,2322475759.15927,-3,0,-7.25546E-10
-4.6,-7.3398E-09,-1.132E-12,2406738868.83272,-3,0,-7.3398E-10
-4.8,-7.42166E-09,-1.201E-12,2484163457.95554,-3,0,-7.42166E-10
-5,-7.50082E-09,-1.167E-12,2559672361.93769,-3,0,-7.50082E-10
-5.2,-7.57793E-09,-1.281E-12,2621747394.63853,-3,0,-7.57793E-10
-5.4,-7.65339E-09,-1.024E-12,2687449610.3198,-3,0,-7.65339E-10
-5.6,-7.72677E-09,-1.143E-12,2749707843.54162,-3,0,-7.72677E-10
-5.8,-7.79886E-09,-1.105E-12,2798964383.17823,-3,0,-7.79886E-10
-6,-7.86968E-09,-1.129E-12,2849814762.04046,-3,0,-7.86968E-10
-6.2,-7.93922E-09,-1.11E-12,2897920741.8677,-3,0,-7.93922E-10
-6.4,-8.00771E-09,-1.083E-12,2935348939.60519,-3,0,-8.00771E-10
-6.6,-8.07549E-09,-1.03E-12,2985520226.89953,-3,0,-8.07549E-10
-6.8,-8.14169E-09,-1.073E-12,3020235578.3751,-3,0,-8.14169E-10
-7,-8.20793E-09,-1.269E-12,3049012882.07941,-3,0,-8.20793E-10
-7.2,-8.27288E-09,-9.46E-13,3087849312.95355,-3,0,-8.27288E-10
-7.4,-8.33747E-09,-1.164E-12,3115264797.5078,-3,0,-8.33747E-10
-7.6,-8.40128E-09,-8.82E-13,3137254901.96076,-3,0,-8.40128E-10
-7.8,-8.46497E-09,-1.045E-12,3160806005.53139,-3,0,-8.46497E-10
-8,-8.52783E-09,-7.98E-13,3193102897.74089,-3,0,-8.52783E-10
-8.2,-8.59024E-09,-1.038E-12,3215951117.54305,-3,0,-8.59024E-10
-8.4,-8.65221E-09,-1.034E-12,3232845712.43838,-3,0,-8.65221E-10
-8.6,-8.71397E-09,-9.56E-13,3247544044.81611,-3,0,-8.71397E-10
-8.8,-8.77538E-09,-8.27E-13,3268775026.5588,-3,0,-8.77538E-10
-9,-8.83634E-09,-8.68E-13,3271983640.08181,-3,0,-8.83634E-10
-9.2,-8.89763E-09,-1.097E-12,3286230693.39465,-3,0,-8.89763E-10
-9.4,-8.95806E-09,-8.6E-13,3321155762.20523,-3,0,-8.95806E-10
-9.6,-9.01807E-09,-9.64E-13,3338619480.84469,-3,0,-9.01807E-10
-9.8,-9.07787E-09,-9.52E-13,3333611134.26118,-3,0,-9.07787E-10
-10,-9.13806E-09,-8.81E-13,3341966747.43089,-3,0,-9.13806E-10
-10.2,-9.19756E-09,-9.56E-13,3360215053.76343,-3,0,-9.19756E-10
-10.4,-9.2571E-09,-8.8E-13,3363888655.28549,-3,0,-9.2571E-10
-10.6,-9.31647E-09,-8.4E-13,3370123852.05157,-3,0,-9.31647E-10
-10.8,-9.37579E-09,-8.8E-13,3378949146.81534,-3,0,-9.37579E-10
-11,-9.43485E-09,-8.49E-13,3393281303.02003,-3,0,-9.43485E-10
-11.2,-9.49367E-09,-8.13E-13,3405124712.69262,-3,0,-9.49367E-10
-11.4,-9.55232E-09,-8.38E-13,3399337129.25977,-3,0,-9.55232E-10
-11.6,-9.61134E-09,-1.075E-12,3394433129.66735,-3,0,-9.61134E-10
-11.8,-9.67016E-09,-8.53E-13,3457216940.36303,-3,0,-9.67016E-10
-12,-9.72704E-09,-8.59E-13,3389830508.47459,-3,0,-9.72704E-10
-12.2,-9.78816E-09,-7.99E-13,3382663847.78013,-3,0,-9.78816E-10
-12.4,-9.84529E-09,-8.74E-13,3996403237.08662,-3,0,-9.84529E-10
-12.6,-9.88825E-09,-1.01E-12,3210015247.57245,-3,0,-9.88825E-10
-12.8,-9.9699E-09,-1.058E-12,2845962290.99965,-3,0,-9.9699E-10
-13,-1.00288E-08,-9.56E-13,3367003367.00337,-3,0,-1.00288E-09
-13.2,-1.00887E-08,-7.18E-13,3369839932.60322,-3,0,-1.00887E-09
-13.4,-1.01475E-08,-6.57E-13,3407155025.55364,-3,0,-1.01475E-09
-13.6,-1.02061E-08,-7.55E-13,3427592116.53812,-3,0,-1.02061E-09
-13.8,-1.02642E-08,-8.65E-13,3445305770.88718,-3,0,-1.02642E-09
-14,-1.03222E-08,-7.44E-13,3424657534.24659,-3,0,-1.03222E-09
-14.2,-1.0381E-08,-6.63E-13,3392705682.78204,-3,0,-1.0381E-09
-14.4,-1.04401E-08,-5.48E-13,3415883859.94873,-3,0,-1.04401E-09
-14.6,-1.04981E-08,-5.9E-13,3427592116.53812,-3,0,-1.04981E-09
-14.8,-1.05568E-08,-5.54E-13,3381234150.46494,-3,0,-1.05568E-09
-15,-1.06164E-08,-6.32E-13,3381234150.46494,-3,0,-1.06164E-09
-15.2,-1.06751E-08,-4.26E-13,3401360544.2177,-3,0,-1.06751E-09
-15.4,-1.0734E-08,-7.01E-13,3389830508.47457,-3,0,-1.0734E-09
-15.6,-1.07931E-08,-7.19E-13,3378378378.37838,-3,0,-1.07931E-09
-15.8,-1.08524E-08,-5.77E-13,3375527426.16033,-3,0,-1.08524E-09
-16,-1.09116E-08,-4.5E-13,3350083752.09376,-3,0,-1.09116E-09
-16.2,-1.09718E-08,-7.1E-13,3350083752.09376,-3,0,-1.09718E-09
-16.4,-1.1031E-08,-4.13E-13,3364171572.75026,-3,0,-1.1031E-09
-16.6,-1.10907E-08,-6.16E-13,3361344537.81516,-3,0,-1.10907E-09
-16.8,-1.115E-08,-6.47E-13,3336113427.85654,-3,0,-1.115E-09
-17,-1.12106E-08,-3.51E-13,3341687552.21384,-3,0,-1.12106E-09
-17.2,-1.12697E-08,-7.55E-13,3347280334.72806,-3,0,-1.12697E-09
-17.4,-1.13301E-08,-4.41E-13,3327787021.63064,-3,0,-1.13301E-09
-17.6,-1.13899E-08,-3.07E-13,3336113427.85654,-3,0,-1.13899E-09
-17.8,-1.145E-08,-8.42E-13,3350083752.09381,-3,0,-1.145E-09
-18,-1.15093E-08,-5.85E-13,3322259136.2126,-3,0,-1.15093E-09
-18.2,-1.15704E-08,-5.1E-13,3314001657.00084,-3,0,-1.15704E-09
-18.4,-1.163E-08,-5.67E-13,3308519437.55173,-3,0,-1.163E-09
-18.6,-1.16913E-08,-5.48E-13,3286770747.74034,-3,0,-1.16913E-09
-18.8,-1.17517E-08,-5.18E-13,3308519437.55165,-3,0,-1.17517E-09
-19,-1.18122E-08,-4.47E-13,3265306122.44897,-3,0,-1.18122E-09
-19.2,-1.18742E-08,-4.88E-13,3284072249.5895,-3,0,-1.18742E-09
-19.4,-1.1934E-08,-4.9E-13,3300330033.0033,-3,0,-1.1934E-09
-19.6,-1.19954E-08,-4.47E-13,3244120032.44123,-3,0,-1.19954E-09
-19.8,-1.20573E-08,-4.2E-13,3252032520.32522,-3,0,-1.20573E-09
-20,-1.21184E-08,-2.67E-13,3267973856.20911,-3,0,-1.21184E-09
-20,-1.21185E-08,-5.81E-13,3149606299.21263,-3,0,-1.21185E-09
-19.8,-1.20549E-08,-1.021E-12,3182179793.15832,-3,0,-1.20549E-09
-19.6,-1.19928E-08,-9.03E-13,3220611916.26406,-3,0,-1.19928E-09
-19.4,-1.19307E-08,-1.015E-12,3205128205.12822,-3,0,-1.19307E-09
-19.2,-1.1868E-08,-1.182E-12,3202562049.63975,-3,0,-1.1868E-09
-19,-1.18058E-08,-1.217E-12,3252032520.32518,-3,0,-1.18058E-09
-18.8,-1.1745E-08,-1.277E-12,3270645952.5756,-3,0,-1.1745E-09
-18.6,-1.16835E-08,-1.12E-12,3289473684.21054,-3,0,-1.16835E-09
-18.4,-1.16234E-08,-8.01E-13,3284072249.5895,-3,0,-1.16234E-09
-18.2,-1.15617E-08,-1.131E-12,3294892915.98025,-3,0,-1.15617E-09
-18,-1.1502E-08,-1.178E-12,3327787021.63061,-3,0,-1.1502E-09
-17.8,-1.14415E-08,-1.11E-12,3294892915.98022,-3,0,-1.14415E-09
-17.6,-1.13806E-08,-1.156E-12,3297609233.30585,-3,0,-1.13806E-09
-17.4,-1.13202E-08,-1.249E-12,3300330033.0033,-3,0,-1.13202E-09
-17.2,-1.12594E-08,-1.322E-12,3305785123.96696,-3,0,-1.12594E-09
-17,-1.11992E-08,-1.038E-12,3322259136.21264,-3,0,-1.11992E-09
-16.8,-1.1139E-08,-1.122E-12,3378378378.37837,-3,0,-1.1139E-09
-16.6,-1.10808E-08,-1.111E-12,3350083752.09379,-3,0,-1.10808E-09
-16.4,-1.10196E-08,-1.068E-12,3330557868.44296,-3,0,-1.10196E-09
-16.2,-1.09607E-08,-1.302E-12,3355704697.98656,-3,0,-1.09607E-09
-16,-1.09004E-08,-1.071E-12,3344481605.3512,-3,0,-1.09004E-09
-15.8,-1.08411E-08,-1.203E-12,3364171572.75025,-3,0,-1.08411E-09
-15.6,-1.07815E-08,-1.408E-12,3392705682.78199,-3,0,-1.07815E-09
-15.4,-1.07232E-08,-1.206E-12,3407155025.55364,-3,0,-1.07232E-09
-15.2,-1.06641E-08,-1.457E-12,3367003367.00337,-3,0,-1.06641E-09
-15,-1.06044E-08,-1.228E-12,3364171572.7502,-3,0,-1.06044E-09
-14.8,-1.05452E-08,-1.229E-12,3395585738.53993,-3,0,-1.05452E-09
-14.6,-1.04866E-08,-1.034E-12,3395585738.53993,-3,0,-1.04866E-09
-14.4,-1.04274E-08,-1.316E-12,3364171572.75018,-3,0,-1.04274E-09
-14.2,-1.03677E-08,-1.358E-12,3372681281.61887,-3,0,-1.03677E-09
-14,-1.03088E-08,-1.309E-12,3421727972.62618,-3,0,-1.03088E-09
-13.8,-1.02508E-08,-1.182E-12,3386960203.21761,-3,0,-1.02508E-09
-13.6,-1.01907E-08,-1.227E-12,3375527426.16033,-3,0,-1.01907E-09
-13.4,-1.01323E-08,-1.399E-12,3412969283.27645,-3,0,-1.01323E-09
-13.2,-1.00735E-08,-1.454E-12,3421727972.62618,-3,0,-1.00735E-09
-13,-1.00154E-08,-1.003E-12,3375527426.16033,-3,0,-1.00154E-09
-12.8,-9.955E-09,-1.18E-12,3096214877.31253,-3,0,-9.955E-10
-12.6,-9.88621E-09,-1.486E-12,3200000000.00002,-3,0,-9.88621E-10
-12.4,-9.83E-09,-1.361E-12,3472222222.22219,-3,0,-9.83E-10
-12.2,-9.77101E-09,-1.119E-12,3399626041.13551,-3,0,-9.77101E-10
-12,-9.71234E-09,-1.3E-12,3385813441.67937,-3,0,-9.71234E-10
-11.8,-9.65287E-09,-1.232E-12,3385240352.06497,-3,0,-9.65287E-10
-11.6,-9.59418E-09,-1.42E-12,3403965619.94722,-3,0,-9.59418E-10
-11.4,-9.53536E-09,-1.442E-12,3402517863.21881,-3,0,-9.53536E-10
-11.2,-9.47662E-09,-1.466E-12,3399337129.25983,-3,0,-9.47662E-10
-11,-9.41769E-09,-1.391E-12,3380376912.02567,-3,0,-9.41769E-10
-10.8,-9.35829E-09,-1.401E-12,3359932801.34397,-3,0,-9.35829E-10
-10.6,-9.29864E-09,-1.622E-12,3356549467.14776,-3,0,-9.29864E-10
-10.4,-9.23912E-09,-1.318E-12,3363888655.28549,-3,0,-9.23912E-10
-10.2,-9.17973E-09,-1.221E-12,3341687552.2139,-3,0,-9.17973E-10
-10,-9.11942E-09,-1.227E-12,3327510190.49997,-3,0,-9.11942E-10
-9.8,-9.05952E-09,-1.29E-12,3316474587.51349,-3,0,-9.05952E-10
-9.6,-8.99881E-09,-1.311E-12,3299785513.94158,-3,0,-8.99881E-10
-9.4,-8.9383E-09,-1.629E-12,3292723081.98877,-3,0,-8.9383E-10
-9.2,-8.87733E-09,-1.375E-12,3268507926.13173,-3,0,-8.87733E-10
-9,-8.81592E-09,-1.347E-12,3266372693.12428,-3,0,-8.81592E-10
-8.8,-8.75487E-09,-9.39E-13,3262642740.6199,-3,0,-8.75487E-10
-8.6,-8.69332E-09,-1.422E-12,3242542153.04801,-3,0,-8.69332E-10
-8.4,-8.63151E-09,-1.385E-12,3220871245.67197,-3,0,-8.63151E-10
-8.2,-8.56913E-09,-1.184E-12,3195143382.05926,-3,0,-8.56913E-10
-8,-8.50632E-09,-1.201E-12,3171582619.72722,-3,0,-8.50632E-10
-7.8,-8.44301E-09,-1.398E-12,3147128245.47603,-3,0,-8.44301E-10
-7.6,-8.37922E-09,-1.499E-12,3129400719.76216,-3,0,-8.37922E-10
-7.4,-8.31519E-09,-1.492E-12,3099333643.2667,-3,0,-8.31519E-10
-7.2,-8.25016E-09,-1.392E-12,3063490847.8211,-3,0,-8.25016E-10
-7,-8.18462E-09,-1.389E-12,3036975172.72794,-3,0,-8.18462E-10
-6.8,-8.11845E-09,-1.287E-12,2996479137.01402,-3,0,-8.11845E-10
-6.6,-8.05113E-09,-1.308E-12,2960769800.14804,-3,0,-8.05113E-10
-6.4,-7.98335E-09,-1.494E-12,2924617971.77742,-3,0,-7.98335E-10
-6.2,-7.91436E-09,-1.555E-12,2870882078.51863,-3,0,-7.91436E-10
-6,-7.84402E-09,-1.351E-12,2831257078.14271,-3,0,-7.84402E-10
-5.8,-7.77308E-09,-1.174E-12,2794857462.26942,-3,0,-7.77308E-10
-5.6,-7.7009E-09,-1.228E-12,2741415941.3337,-3,0,-7.7009E-10
-5.4,-7.62717E-09,-1.057E-12,2669692317.96036,-3,0,-7.62717E-10
-5.2,-7.55107E-09,-1.164E-12,2611818478.61572,-3,0,-7.55107E-10
-5,-7.47402E-09,-1.341E-12,2545662826.95857,-3,0,-7.47402E-10
-4.8,-7.39394E-09,-1.416E-12,2467003823.85594,-3,0,-7.39394E-10
-4.6,-7.31188E-09,-1.265E-12,2400240024.0024,-3,0,-7.31188E-10
-4.4,-7.22729E-09,-1.47E-12,2315350775.6425,-3,0,-7.22729E-10
-4.2,-7.13912E-09,-1.226E-12,2222716159.14649,-3,0,-7.13912E-10
-4,-7.04733E-09,-1.474E-12,2129131846.4896,-3,0,-7.04733E-10
-3.8,-6.95125E-09,-1.475E-12,2025726729.46419,-3,0,-6.95125E-10
-3.6,-6.84987E-09,-1.3E-12,1919293699.91843,-3,0,-6.84987E-10
-3.4,-6.74284E-09,-1.353E-12,1803507822.71518,-3,0,-6.74284E-10
-3.2,-6.62808E-09,-1.285E-12,1681449409.3909,-3,0,-6.62808E-10
-3,-6.50495E-09,-1.579E-12,1559028725.10426,-3,0,-6.50495E-10
-2.8,-6.37151E-09,-1.338E-12,1430819859.77965,-3,0,-6.37151E-10
-2.6,-6.22539E-09,-1.417E-12,1300643818.69025,-3,0,-6.22539E-10
-2.4,-6.06397E-09,-1.213E-12,1170754551.30832,-3,0,-6.06397E-10
-2.2,-5.88373E-09,-1.49E-12,1044141063.45767,-3,0,-5.88373E-10
-2,-5.68088E-09,-1.437E-12,918505591.402788,-3,0,-5.68088E-10
-1.8,-5.44824E-09,-1.279E-12,798355387.900923,-3,0,-5.44824E-10
-1.6,-5.17985E-09,-1.516E-12,687876182.287188,-3,0,-5.17985E-10
-1.4,-4.86674E-09,-1.396E-12,585660112.153911,-3,0,-4.86674E-10
-1.2,-4.49686E-09,-1.494E-12,493425110.403869,-3,0,-4.49686E-10
-1,-4.05608E-09,-1.356E-12,412247884.653042,-3,0,-4.05608E-10
-0.8,-3.52657E-09,-1.608E-12,341865732.233665,-3,0,-3.52657E-10
-0.6,-2.88603E-09,-1.579E-12,281688157.125654,-3,0,-2.88603E-10
-0.4,-2.10656E-09,-1.472E-12,231543119.117358,-3,0,-2.10656E-10
-0.2,-1.15849E-09,-1.392E-12,189307084.013064,-3,0,-1.15849E-10
0,6.409E-12,-1.706E-12,154299557.160271,-3,0,6.409E-13
0.2,1.43387E-09,-1.324E-12,125849048.471076,-3,0,1.43387E-10
0.4,3.18482E-09,-1.619E-12,102698400.472413,-3,0,3.18482E-10
0.6,5.32877E-09,-1.883E-12,84132062.0978751,-3,0,5.32877E-10
0.8,7.93925E-09,-1.766E-12,68988949.6949826,-3,0,7.93925E-10
1,1.11268E-08,-1.711E-12,62744113.8178225,-3,0,1.11268E-09
1,1.50109E-07,-8.538E-12,5090612.90979434,-6,0,1.50109E-08
0.8,1.10821E-07,-6.196E-12,5457777.94757531,-6,0,1.10821E-08
0.6,7.68191E-08,-4.653E-12,6296594.80153133,-6,0,7.68191E-09
0.4,4.72946E-08,-4.844E-12,7276286.03808044,-6,0,4.72946E-09
0.2,2.1846E-08,-3.798E-12,8460148.6706156,-6,0,2.1846E-09
0,1.4107E-11,-3.78E-12,9873837.04713029,-6,0,1.4107E-12
-0.2,-1.86651E-08,-3.473E-12,11588725.2943949,-6,0,-1.86651E-09
-0.4,-3.45022E-08,-3.586E-12,13638750.4176867,-6,0,-3.45022E-09
-0.6,-4.79933E-08,-3.741E-12,16072390.0447616,-6,0,-4.79933E-09
-0.8,-5.93896E-08,-3.425E-12,19048072.5731565,-6,0,-5.93896E-09
-1,-6.89928E-08,-3.036E-12,22640954.0898053,-6,0,-6.89928E-09
-1.2,-7.70567E-08,-3.328E-12,26988185.9216128,-6,0,-7.70567E-09
-1.4,-8.38141E-08,-2.622E-12,32233369.5958742,-6,0,-8.38141E-09
-1.6,-8.94662E-08,-2.996E-12,38505968.4251059,-6,0,-8.94662E-09
-1.8,-9.42021E-08,-2.193E-12,45942158.822043,-6,0,-9.42021E-09
-2,-9.81728E-08,-3.007E-12,54742777.3748101,-6,0,-9.81728E-09
-2.2,-1.01509E-07,-2.699E-12,64996262.7148939,-6,0,-1.01509E-08
-2.4,-1.04327E-07,-2.79E-12,76878723.8131847,-6,0,-1.04327E-08
-2.6,-1.06712E-07,-2.076E-12,90477267.5865188,-6,0,-1.06712E-08
-2.8,-1.08748E-07,-2.739E-12,105764145.954521,-6,0,-1.08748E-08
-3,-1.10494E-07,-2.625E-12,122699386.503068,-6,0,-1.10494E-08
-3.2,-1.12008E-07,-2.518E-12,141342756.183745,-6,0,-1.12008E-08
-3.4,-1.13324E-07,-2.838E-12,161943319.838056,-6,0,-1.13324E-08
-3.6,-1.14478E-07,-2.525E-12,183654729.109275,-6,0,-1.14478E-08
-3.8,-1.15502E-07,-2.834E-12,205973223.480948,-6,0,-1.15502E-08
-4,-1.1642E-07,-1.529E-12,228702115.494569,-6,0,-1.1642E-08
-4.2,-1.17251E-07,-2.55E-12,251889168.765743,-6,0,-1.17251E-08
-4.4,-1.18008E-07,-2.211E-12,277392510.402218,-6,0,-1.18008E-08
-4.6,-1.18693E-07,-3.036E-12,301659125.188535,-6,0,-1.18693E-08
-4.8,-1.19334E-07,-2.613E-12,323362974.939373,-6,0,-1.19334E-08
-5,-1.1993E-07,-2.411E-12,348735832.6068,-6,0,-1.1993E-08
-5.2,-1.20481E-07,-2.365E-12,369003690.036897,-6,0,-1.20481E-08
-5.4,-1.21014E-07,-2.085E-12,389105058.365759,-6,0,-1.21014E-08
-5.6,-1.21509E-07,-2.664E-12,414078674.948247,-6,0,-1.21509E-08
-5.8,-1.2198E-07,-2.398E-12,434310532.030408,-6,0,-1.2198E-08
-6,-1.2243E-07,-2.37E-12,450958286.358512,-6,0,-1.2243E-08
-6.2,-1.22867E-07,-1.929E-12,466744457.409558,-6,0,-1.22867E-08
-6.4,-1.23287E-07,-2.571E-12,488400488.400487,-6,0,-1.23287E-08
-6.6,-1.23686E-07,-1.794E-12,507614213.197973,-6,0,-1.23686E-08
-6.8,-1.24075E-07,-2.072E-12,522875816.993449,-6,0,-1.24075E-08
-7,-1.24451E-07,-2.097E-12,536912751.677854,-6,0,-1.24451E-08
-7.2,-1.2482E-07,-2.1E-12,550964187.327822,-6,0,-1.2482E-08
-7.4,-1.25177E-07,-2.228E-12,569800569.800569,-6,0,-1.25177E-08
-7.6,-1.25522E-07,-2.458E-12,586510263.929636,-6,0,-1.25522E-08
-7.8,-1.25859E-07,-1.784E-12,600600600.600611,-6,0,-1.25859E-08
-8,-1.26188E-07,-2.114E-12,618238021.638312,-6,0,-1.26188E-08
-8.2,-1.26506E-07,-1.959E-12,622083981.337467,-6,0,-1.26506E-08
-8.4,-1.26831E-07,-2.036E-12,629921259.842541,-6,0,-1.26831E-08
-8.6,-1.27141E-07,-1.276E-12,652528548.124002,-6,0,-1.27141E-08
-8.8,-1.27444E-07,-2.194E-12,667779632.721183,-6,0,-1.27444E-08
-9,-1.2774E-07,-2.25E-12,679117147.707973,-6,0,-1.2774E-08
-9.2,-1.28033E-07,-1.447E-12,689655172.413799,-6,0,-1.28033E-08
-9.4,-1.2832E-07,-1.839E-12,706713780.918717,-6,0,-1.2832E-08
-9.6,-1.28599E-07,-1.904E-12,715563506.261183,-6,0,-1.28599E-08
-9.8,-1.28879E-07,-2.241E-12,722021660.649829,-6,0,-1.28879E-08
-10,-1.29153E-07,-1.516E-12,735294117.647049,-6,0,-1.29153E-08
-10.2,-1.29423E-07,-1.383E-12,750469043.151977,-6,0,-1.29423E-08
-10.4,-1.29686E-07,-1.578E-12,763358778.625973,-6,0,-1.29686E-08
-10.6,-1.29947E-07,-1.71E-12,764818355.64052,-6,0,-1.29947E-08
-10.8,-1.30209E-07,-2.26E-12,770712909.441225,-6,0,-1.30209E-08
-11,-1.30466E-07,-2.056E-12,792079207.920808,-6,0,-1.30466E-08
-11.2,-1.30714E-07,-1.751E-12,814663951.120162,-6,0,-1.30714E-08
-11.4,-1.30957E-07,-2.272E-12,829875518.672167,-6,0,-1.30957E-08
-11.6,-1.31196E-07,-2.108E-12,829875518.672216,-6,0,-1.31196E-08
-11.8,-1.31439E-07,-1.515E-12,833333333.333354,-6,0,-1.31439E-08
-12,-1.31676E-07,-2.663E-12,849256900.212307,-6,0,-1.31676E-08
-12.2,-1.3191E-07,-1.185E-12,865800865.800877,-6,0,-1.3191E-08
-12.4,-1.32138E-07,-1.963E-12,877192982.45611,-6,0,-1.32138E-08
-12.6,-1.32366E-07,-1.744E-12,869565217.39127,-6,0,-1.32366E-08
-12.8,-1.32598E-07,-2.178E-12,873362445.414867,-6,0,-1.32598E-08
-13,-1.32824E-07,-2.588E-12,892857142.857186,-6,0,-1.32824E-08
-13.2,-1.33046E-07,-1.973E-12,892857142.857134,-6,0,-1.33046E-08
-13.4,-1.33272E-07,-1.964E-12,902934537.246048,-6,0,-1.33272E-08
-13.6,-1.33489E-07,-2.272E-12,919540229.885079,-6,0,-1.33489E-08
-13.8,-1.33707E-07,-1.44E-12,913242009.132379,-6,0,-1.33707E-08
-14,-1.33927E-07,-2.24E-12,911161731.207301,-6,0,-1.33927E-08
-14.2,-1.34146E-07,-1.916E-12,928074245.939707,-6,0,-1.34146E-08
-14.4,-1.34358E-07,-1.107E-12,941176470.58822,-6,0,-1.34358E-08
-14.6,-1.34571E-07,-1.634E-12,934579439.252318,-6,0,-1.34571E-08
-14.8,-1.34786E-07,-1.366E-12,959232613.908882,-6,0,-1.34786E-08
-15,-1.34988E-07,-1.776E-12,963855421.686762,-6,0,-1.34988E-08
-15.2,-1.35201E-07,-1.042E-12,956937799.043069,-6,0,-1.35201E-08
-15.4,-1.35406E-07,-2.066E-12,977995110.024413,-6,0,-1.35406E-08
-15.6,-1.3561E-07,-2.066E-12,992555831.265492,-6,0,-1.3561E-08
-15.8,-1.35809E-07,-2.058E-12,990099009.901036,-6,0,-1.35809E-08
-16,-1.36014E-07,-1.824E-12,995024875.621873,-6,0,-1.36014E-08
-16.2,-1.36211E-07,-1.475E-12,1020408163.26532,-6,0,-1.36211E-08
-16.4,-1.36406E-07,-1.809E-12,1015228426.39595,-6,0,-1.36406E-08
-16.6,-1.36605E-07,-2.429E-12,1036269430.05178,-6,0,-1.36605E-08
-16.8,-1.36792E-07,-1.593E-12,1038961038.96107,-6,0,-1.36792E-08
-17,-1.3699E-07,-2.051E-12,1020408163.26532,-6,0,-1.3699E-08
-17.2,-1.37184E-07,-1.533E-12,1030927835.05151,-6,0,-1.37184E-08
-17.4,-1.37378E-07,-1.335E-12,1047120418.84815,-6,0,-1.37378E-08
-17.6,-1.37566E-07,-1.756E-12,1049868766.40417,-6,0,-1.37566E-08
-17.8,-1.37759E-07,-1.503E-12,1017811704.83461,-6,0,-1.37759E-08
-18,-1.37959E-07,-1.277E-12,1044386422.97654,-6,0,-1.37959E-08
-18.2,-1.38142E-07,-1.58E-12,1061007957.55968,-6,0,-1.38142E-08
-18.4,-1.38336E-07,-2.141E-12,1058201058.20105,-6,0,-1.38336E-08
-18.6,-1.3852E-07,-1.881E-12,1063829787.23403,-6,0,-1.3852E-08
-18.8,-1.38712E-07,-1.497E-12,1069518716.57753,-6,0,-1.38712E-08
-19,-1.38894E-07,-1.968E-12,1084010840.10841,-6,0,-1.38894E-08
-19.2,-1.39081E-07,-2.63E-12,1075268817.20431,-6,0,-1.39081E-08
-19.4,-1.39266E-07,-1.621E-12,1086956521.73915,-6,0,-1.39266E-08
-19.6,-1.39449E-07,-2.203E-12,1095890410.95893,-6,0,-1.39449E-08
-19.8,-1.39631E-07,-9.8E-13,1095890410.95885,-6,0,-1.39631E-08
-20,-1.39814E-07,-7.93E-13,1123595505.61787,-6,0,-1.39814E-08
-20,-1.39809E-07,-1.678E-12,1030927835.0515,-6,0,-1.39809E-08
-19.8,-1.3962E-07,-8.43E-13,1055408970.97623,-6,0,-1.3962E-08
-19.6,-1.3943E-07,-1.768E-12,1041666666.66663,-6,0,-1.3943E-08
-19.4,-1.39236E-07,-2.147E-12,1044386422.97648,-6,0,-1.39236E-08
-19.2,-1.39047E-07,-1.802E-12,1055408970.97624,-6,0,-1.39047E-08
-19,-1.38857E-07,-1.706E-12,1055408970.97631,-6,0,-1.38857E-08
-18.8,-1.38668E-07,-1.693E-12,1063829787.23411,-6,0,-1.38668E-08
-18.6,-1.38481E-07,-2.345E-12,1061007957.55967,-6,0,-1.38481E-08
-18.4,-1.38291E-07,-2.656E-12,1025641025.64098,-6,0,-1.38291E-08
-18.2,-1.38091E-07,-1.417E-12,1005025125.62814,-6,0,-1.38091E-08
-18,-1.37893E-07,-1.854E-12,1012658227.8481,-6,0,-1.37893E-08
-17.8,-1.37696E-07,-1.698E-12,1005025125.62813,-6,0,-1.37696E-08
-17.6,-1.37495E-07,-1.822E-12,999999999.999987,-6,0,-1.37495E-08
-17.4,-1.37296E-07,-2.521E-12,1005025125.62814,-6,0,-1.37296E-08
-17.2,-1.37097E-07,-1.761E-12,1005025125.62814,-6,0,-1.37097E-08
-17,-1.36898E-07,-1.807E-12,1005025125.62813,-6,0,-1.36898E-08
-16.8,-1.36699E-07,-1.863E-12,987654320.987693,-6,0,-1.36699E-08
-16.6,-1.36493E-07,-2.495E-12,982800982.80096,-6,0,-1.36493E-08
-16.4,-1.36292E-07,-2.054E-12,975609756.097531,-6,0,-1.36292E-08
-16.2,-1.36083E-07,-1.631E-12,968523002.421323,-6,0,-1.36083E-08
-16,-1.35879E-07,-1.844E-12,961538461.538469,-6,0,-1.35879E-08
-15.8,-1.35667E-07,-2.153E-12,943396226.415086,-6,0,-1.35667E-08
-15.6,-1.35455E-07,-1.84E-12,956937799.043069,-6,0,-1.35455E-08
-15.4,-1.35249E-07,-1.723E-12,952380952.38095,-6,0,-1.35249E-08
-15.2,-1.35035E-07,-2.375E-12,932400932.400911,-6,0,-1.35035E-08
-15,-1.3482E-07,-2.471E-12,925925925.925955,-6,0,-1.3482E-08
-14.8,-1.34603E-07,-1.899E-12,925925925.925955,-6,0,-1.34603E-08
-14.6,-1.34388E-07,-2.403E-12,919540229.885023,-6,0,-1.34388E-08
-14.4,-1.34168E-07,-2.097E-12,902934537.246048,-6,0,-1.34168E-08
-14.2,-1.33945E-07,-1.464E-12,896860986.54708,-6,0,-1.33945E-08
-14,-1.33722E-07,-1.723E-12,894854586.129747,-6,0,-1.33722E-08
-13.8,-1.33498E-07,-1.822E-12,904977375.565615,-6,0,-1.33498E-08
-13.6,-1.3328E-07,-2.188E-12,890868596.881948,-6,0,-1.3328E-08
-13.4,-1.33049E-07,-2.419E-12,875273522.975948,-6,0,-1.33049E-08
-13.2,-1.32823E-07,-2.416E-12,869565217.39132,-6,0,-1.32823E-08
-13,-1.32589E-07,-2.168E-12,858369098.712449,-6,0,-1.32589E-08
-12.8,-1.32357E-07,-1.995E-12,838574423.480064,-6,0,-1.32357E-08
-12.6,-1.32112E-07,-1.957E-12,833333333.333354,-6,0,-1.32112E-08
-12.4,-1.31877E-07,-1.691E-12,840336134.453807,-6,0,-1.31877E-08
-12.2,-1.31636E-07,-2.21E-12,821355236.139593,-6,0,-1.31636E-08
-12,-1.3139E-07,-2.754E-12,809716599.190277,-6,0,-1.3139E-08
-11.8,-1.31142E-07,-2.15E-12,803212851.405652,-6,0,-1.31142E-08
-11.6,-1.30892E-07,-1.899E-12,795228628.230636,-6,0,-1.30892E-08
-11.4,-1.30639E-07,-1.727E-12,790513833.992064,-6,0,-1.30639E-08
-11.2,-1.30386E-07,-1.863E-12,776699029.126212,-6,0,-1.30386E-08
-11,-1.30124E-07,-2.446E-12,764818355.640559,-6,0,-1.30124E-08
-10.8,-1.29863E-07,-1.992E-12,767754318.61803,-6,0,-1.29863E-08
-10.6,-1.29603E-07,-2.932E-12,753295668.549916,-6,0,-1.29603E-08
-10.4,-1.29332E-07,-9.5E-13,739371534.195925,-6,0,-1.29332E-08
-10.2,-1.29062E-07,-1.589E-12,738007380.073794,-6,0,-1.29062E-08
-10,-1.2879E-07,-1.437E-12,723327305.605798,-6,0,-1.2879E-08
-9.8,-1.28509E-07,-2.18E-12,715563506.261183,-6,0,-1.28509E-08
-9.6,-1.28231E-07,-2.476E-12,702987697.715278,-6,0,-1.28231E-08
-9.4,-1.2794E-07,-2.487E-12,688468158.347677,-6,0,-1.2794E-08
-9.2,-1.2765E-07,-1.827E-12,681431005.110729,-6,0,-1.2765E-08
-9,-1.27353E-07,-1.501E-12,665557404.326102,-6,0,-1.27353E-08
-8.8,-1.27049E-07,-2.024E-12,643086816.720268,-6,0,-1.27049E-08
-8.6,-1.26731E-07,-2.191E-12,635930047.694756,-6,0,-1.26731E-08
-8.4,-1.2642E-07,-1.64E-12,632911392.405062,-6,0,-1.2642E-08
-8.2,-1.26099E-07,-2.308E-12,614439324.116747,-6,0,-1.26099E-08
-8,-1.25769E-07,-2.101E-12,597014925.373141,-6,0,-1.25769E-08
-7.8,-1.25429E-07,-1.644E-12,590841949.778433,-6,0,-1.25429E-08
-7.6,-1.25092E-07,-2.218E-12,580551523.947738,-6,0,-1.25092E-08
-7.4,-1.2474E-07,-2.466E-12,559440559.440568,-6,0,-1.2474E-08
-7.2,-1.24377E-07,-2.201E-12,544217687.074841,-6,0,-1.24377E-08
-7,-1.24005E-07,-2.369E-12,529801324.503305,-6,0,-1.24005E-08
-6.8,-1.23622E-07,-2.062E-12,514138817.480713,-6,0,-1.23622E-08
-6.6,-1.23227E-07,-2.121E-12,498753117.206992,-6,0,-1.23227E-08
-6.4,-1.2282E-07,-2.198E-12,485436893.203879,-6,0,-1.2282E-08
-6.2,-1.22403E-07,-1.799E-12,466200466.200456,-6,0,-1.22403E-08
-6,-1.21962E-07,-1.997E-12,442477876.106199,-6,0,-1.21962E-08
-5.8,-1.21499E-07,-2.03E-12,424628450.106164,-6,0,-1.21499E-08
-5.6,-1.2102E-07,-1.572E-12,407747196.738022,-6,0,-1.2102E-08
-5.4,-1.20518E-07,-2.166E-12,389105058.365759,-6,0,-1.20518E-08
-5.2,-1.19992E-07,-2.253E-12,364630811.303556,-6,0,-1.19992E-08
-5,-1.19421E-07,-1.822E-12,341880341.880341,-6,0,-1.19421E-08
-4.8,-1.18822E-07,-2.796E-12,320769847.634323,-6,0,-1.18822E-08
-4.6,-1.18174E-07,-2.539E-12,297397769.516728,-6,0,-1.18174E-08
-4.4,-1.17477E-07,-1.505E-12,274725274.725276,-6,0,-1.17477E-08
-4.2,-1.16718E-07,-2.315E-12,251572327.044025,-6,0,-1.16718E-08
-4,-1.15887E-07,-1.209E-12,227660785.429709,-6,0,-1.15887E-08
-3.8,-1.14961E-07,-2.165E-12,204498977.505113,-6,0,-1.14961E-08
-3.6,-1.13931E-07,-1.942E-12,182982616.651419,-6,0,-1.13931E-08
-3.4,-1.12775E-07,-1.963E-12,161877782.274382,-6,0,-1.12775E-08
-3.2,-1.1146E-07,-1.987E-12,141743444.365698,-6,0,-1.1146E-08
-3,-1.09953E-07,-1.593E-12,122774708.410067,-6,0,-1.09953E-08
-2.8,-1.08202E-07,-2.168E-12,105848107.96507,-6,0,-1.08202E-08
-2.6,-1.06174E-07,-2.07E-12,90600226.5005665,-6,0,-1.06174E-08
-2.4,-1.03787E-07,-1.951E-12,76982294.0723633,-6,0,-1.03787E-08
-2.2,-1.00978E-07,-1.878E-12,65195423.2812855,-6,0,-1.00978E-08
-2,-9.76516E-08,-1.879E-12,54878718.0331468,-6,0,-9.76516E-09
-1.8,-9.36892E-08,-2.482E-12,46041045.5921454,-6,0,-9.36892E-09
-1.6,-8.89637E-08,-1.742E-12,38634651.4188575,-6,0,-8.89637E-09
-1.4,-8.33358E-08,-1.747E-12,32359841.436777,-6,0,-8.33358E-09
-1.2,-7.66027E-08,-2.107E-12,27103392.6671771,-6,0,-7.66027E-09
-1,-6.85775E-08,-1.91E-12,22755199.5631002,-6,0,-6.85775E-09
-0.8,-5.90243E-08,-1.654E-12,19149292.6730019,-6,0,-5.90243E-09
-0.6,-4.7689E-08,-1.655E-12,16164163.2418846,-6,0,-4.7689E-09
-0.4,-3.42782E-08,-1.975E-12,13722456.4569304,-6,0,-3.42782E-09
-0.2,-1.85397E-08,-2.4E-12,11663304.0875011,-6,0,-1.85397E-09
0,1.7399E-11,-1.908E-12,9942433.31112857,-6,0,1.7399E-12
0.2,2.16919E-08,-2.206E-12,8523495.90076315,-6,0,2.16919E-09
0.4,4.69465E-08,-2.037E-12,7334497.07353567,-6,0,4.69465E-09
0.6,7.62287E-08,-2.649E-12,6351575.58771923,-6,0,7.62287E-09
0.8,1.09923E-07,-2.502E-12,5511137.31963081,-6,0,1.09923E-08
1,1.48809E-07,-1.841E-12,5143239.21205575,-6,0,1.48809E-08
1,8.53265E-07,-9.713E-12,983438.889107431,-9,0,8.53265E-08
0.8,6.49897E-07,-6.292E-12,1028653.13302028,-9,0,6.49897E-08
0.6,4.64407E-07,-6.111E-12,1125996.15472313,-9,0,4.64407E-08
0.4,2.94656E-07,-6.288E-12,1233475.28578081,-9,0,2.94656E-08
0.2,1.4012E-07,-5.176E-12,1357882.98872436,-9,0,1.4012E-08
0,7.9808E-11,-4.865E-12,1499919.37933336,-9,0,7.9808E-12
-0.2,-1.26561E-07,-4.878E-12,1664774.31769974,-9,0,-1.26561E-08
-0.4,-2.40193E-07,-4.272E-12,1851020.6064869,-9,0,-2.40193E-08
-0.6,-3.42658E-07,-4.938E-12,2060984.53231109,-9,0,-3.42658E-08
-0.8,-4.34275E-07,-3.717E-12,2307204.24525581,-9,0,-4.34275E-08
-1,-5.16028E-07,-3.324E-12,2592167.76509776,-9,0,-5.16028E-08
-1.2,-5.88586E-07,-3.665E-12,2924404.1526539,-9,0,-5.88586E-08
-1.4,-6.52808E-07,-5.354E-12,3311724.3320666,-9,0,-6.52808E-08
-1.6,-7.09369E-07,-6.026E-12,3764528.72805986,-9,0,-7.09369E-08
-1.8,-7.59063E-07,-3.115E-12,4287245.44480172,-9,0,-7.59063E-08
-2,-8.02669E-07,-7.44E-13,4904665.56311692,-9,0,-8.02669E-08
-2.2,-8.40618E-07,-3.276E-12,5624850.5899062,-9,0,-8.40618E-08
-2.4,-8.73782E-07,-4.838E-12,6456507.35234775,-9,0,-8.73782E-08
-2.6,-9.02571E-07,-1.555E-12,7446432.2281587,-9,0,-9.02571E-08
-2.8,-9.27499E-07,-5.905E-12,8584059.40169107,-9,0,-9.27499E-08
-3,-9.49169E-07,-3.306E-12,9922111.4253113,-9,0,-9.49169E-08
-3.2,-9.67813E-07,-4.861E-12,11479408.8104462,-9,0,-9.67813E-08
-3.4,-9.84014E-07,-2.419E-12,13270079.2887237,-9,0,-9.84014E-08
-3.6,-9.97956E-07,-3.196E-12,15308660.87489,-9,0,-9.97956E-08
-3.8,-1.010143E-06,-7.86E-13,17530788.4472105,-9,0,-1.010143E-07
-4,-1.020773E-06,-6.414E-12,20083345.8854245,-9,0,-1.020773E-07
-4.2,-1.03006E-06,-6.942E-12,22918695.9262018,-9,0,-1.03006E-07
-4.4,-1.038226E-06,-3.341E-12,26407869.5451247,-9,0,-1.038226E-07
-4.6,-1.045207E-06,-1.961E-12,29996250.4686912,-9,0,-1.045207E-07
-4.8,-1.051561E-06,-6.069E-12,33500837.5209377,-9,0,-1.051561E-07
-5,-1.057147E-06,-2.138E-12,38091610.3228265,-9,0,-1.057147E-07
-5.2,-1.062062E-06,-6.807E-12,43122035.3600689,-9,0,-1.062062E-07
-5.4,-1.066423E-06,-3.956E-12,47214353.1633613,-9,0,-1.066423E-07
-5.6,-1.070534E-06,-2.495E-12,50994390.6170327,-9,0,-1.070534E-07
-5.8,-1.074267E-06,-1.012E-12,55912776.0693325,-9,0,-1.074267E-07
-6,-1.077688E-06,9.41E-13,61040744.6970849,-9,0,-1.077688E-07
-6.2,-1.08082E-06,-4.86E-12,65082980.8005204,-9,0,-1.08082E-07
-6.4,-1.083834E-06,-1.716E-12,69930069.930071,-9,0,-1.083834E-07
-6.6,-1.08654E-06,-5.098E-12,75657272.5553237,-9,0,-1.08654E-07
-6.8,-1.089121E-06,-2.44E-13,80873433.0772349,-9,0,-1.089121E-07
-7,-1.091486E-06,-4.728E-12,86003010.1053566,-9,0,-1.091486E-07
-7.2,-1.093772E-06,-7.519E-12,90211998.1957601,-9,0,-1.093772E-07
-7.4,-1.09592E-06,-8.203E-12,93764650.7266757,-9,0,-1.09592E-07
-7.6,-1.098038E-06,-3.32E-12,103626943.005175,-9,0,-1.098038E-07
-7.8,-1.09978E-06,-6.711E-12,108636610.537745,-9,0,-1.09978E-07
-8,-1.10172E-06,2.395E-12,102564102.5641,-9,0,-1.10172E-07
-8.2,-1.10368E-06,-2.063E-12,106382978.723404,-9,0,-1.10368E-07
-8.4,-1.10548E-06,0,115606936.416185,-9,0,-1.10548E-07
-8.6,-1.10714E-06,-1.954E-12,114613180.51576,-9,0,-1.10714E-07
-8.8,-1.10897E-06,-2.329E-12,119402985.074629,-9,0,-1.10897E-07
-9,-1.11049E-06,-2.89E-12,126582278.481013,-9,0,-1.11049E-07
-9.2,-1.11213E-06,-4.455E-12,126182965.299683,-9,0,-1.11213E-07
-9.4,-1.11366E-06,-5.067E-12,125786163.522008,-9,0,-1.11366E-07
-9.6,-1.11531E-06,-5.11E-12,133333333.333333,-9,0,-1.11531E-07
-9.8,-1.11666E-06,-5.382E-12,143369175.627244,-9,0,-1.11666E-07
-10,-1.1181E-06,-1.365E-12,135135135.135137,-9,0,-1.1181E-07
-10.2,-1.11962E-06,5.036E-12,138408304.498273,-9,0,-1.11962E-07
-10.4,-1.12099E-06,-5.666E-12,152091254.752853,-9,0,-1.12099E-07
-10.6,-1.12225E-06,-1.1004E-11,155038759.689919,-9,0,-1.12225E-07
-10.8,-1.12357E-06,1.151E-12,155038759.689919,-9,0,-1.12357E-07
-11,-1.12483E-06,-1.955E-12,147058823.529417,-9,0,-1.12483E-07
-11.2,-1.12629E-06,-3.896E-12,150375939.849627,-9,0,-1.12629E-07
-11.4,-1.12749E-06,-3.697E-12,166666666.666668,-9,0,-1.12749E-07
-11.6,-1.12869E-06,-2.799E-12,163934426.229507,-9,0,-1.12869E-07
-11.8,-1.12993E-06,-2.2E-12,173160173.160171,-9,0,-1.12993E-07
-12,-1.131E-06,-2.695E-12,172413793.103458,-9,0,-1.131E-07
-12.2,-1.13225E-06,-9.93E-13,161943319.838057,-9,0,-1.13225E-07
-12.4,-1.13347E-06,-2.565E-12,173913043.478247,-9,0,-1.13347E-07
-12.6,-1.13455E-06,-7.763E-12,173913043.478264,-9,0,-1.13455E-07
-12.8,-1.13577E-06,-4.284E-12,167364016.736409,-9,0,-1.13577E-07
-13,-1.13694E-06,-3.188E-12,173160173.160171,-9,0,-1.13694E-07
-13.2,-1.13808E-06,-7.91E-13,177777777.777773,-9,0,-1.13808E-07
-13.4,-1.13919E-06,-4.498E-12,186915887.850467,-9,0,-1.13919E-07
-13.6,-1.14022E-06,-4.63E-13,188679245.283031,-9,0,-1.14022E-07
-13.8,-1.14131E-06,-7.35E-13,177777777.777773,-9,0,-1.14131E-07
-14,-1.14247E-06,-1.156E-12,180995475.113121,-9,0,-1.14247E-07
-14.2,-1.14352E-06,-2.432E-12,189573459.715639,-9,0,-1.14352E-07
-14.4,-1.14458E-06,1.069E-12,198019801.980191,-9,0,-1.14458E-07
-14.6,-1.14554E-06,-1.269E-12,199004975.124378,-9,0,-1.14554E-07
-14.8,-1.14659E-06,-8.204E-12,180995475.113121,-9,0,-1.14659E-07
-15,-1.14775E-06,-6.631E-12,200000000.000006,-9,0,-1.14775E-07
-15.2,-1.14859E-06,-2.925E-12,218579234.972689,-9,0,-1.14859E-07
-15.4,-1.14958E-06,-9.97E-13,184331797.235025,-9,0,-1.14958E-07
-15.6,-1.15076E-06,-4.55E-12,199999999.999985,-9,0,-1.15076E-07
-15.8,-1.15158E-06,4.314E-12,227272727.272716,-9,0,-1.15158E-07
-16,-1.15252E-06,-8.88E-13,229885057.471269,-9,0,-1.15252E-07
-16.2,-1.15332E-06,-5.928E-12,210526315.789481,-9,0,-1.15332E-07
-16.4,-1.15442E-06,2.691E-12,198019801.980213,-9,0,-1.15442E-07
-16.6,-1.15534E-06,-3.34E-12,211640211.640204,-9,0,-1.15534E-07
-16.8,-1.15631E-06,-5.019E-12,218579234.972663,-9,0,-1.15631E-07
-17,-1.15717E-06,-6.276E-12,219780219.780213,-9,0,-1.15717E-07
-17.2,-1.15813E-06,-6.347E-12,204081632.653073,-9,0,-1.15813E-07
-17.4,-1.15913E-06,-9.359E-12,228571428.571426,-9,0,-1.15913E-07
-17.6,-1.15988E-06,1.16E-13,236686390.532535,-9,0,-1.15988E-07
-17.8,-1.16082E-06,-5.649E-12,194174757.281562,-9,0,-1.16082E-07
-18,-1.16194E-06,-3.779E-12,238095238.095237,-9,0,-1.16194E-07
-18.2,-1.1625E-06,-3.526E-12,270270270.270275,-9,0,-1.1625E-07
-18.4,-1.16342E-06,-6.435E-12,213903743.315515,-9,0,-1.16342E-07
-18.6,-1.16437E-06,-5.467E-12,227272727.272715,-9,0,-1.16437E-07
-18.8,-1.16518E-06,-9.07E-13,228571428.571424,-9,0,-1.16518E-07
-19,-1.16612E-06,-4.92E-13,224719101.123594,-9,0,-1.16612E-07
-19.2,-1.16696E-06,2.29E-12,256410256.410245,-9,0,-1.16696E-07
-19.4,-1.16768E-06,-4.14E-13,243902439.024398,-9,0,-1.16768E-07
-19.6,-1.1686E-06,-8.31E-13,223463687.150828,-9,0,-1.1686E-07
-19.8,-1.16947E-06,-8.901E-12,242424242.424239,-9,0,-1.16947E-07
-20,-1.17025E-06,-3.608E-12,273972602.739792,-9,0,-1.17025E-07
-20,-1.1702E-06,-7.51E-13,246913580.246875,-9,0,-1.1702E-07
-19.8,-1.16944E-06,1.889E-12,225988700.564978,-9,0,-1.16944E-07
-19.6,-1.16843E-06,-6.881E-12,211640211.640226,-9,0,-1.16843E-07
-19.4,-1.16755E-06,-1.383E-12,235294117.647072,-9,0,-1.16755E-07
-19.2,-1.16673E-06,3.287E-12,235294117.647042,-9,0,-1.16673E-07
-19,-1.16585E-06,9.27E-13,209424083.769633,-9,0,-1.16585E-07
-18.8,-1.16482E-06,9.03E-13,212765957.446806,-9,0,-1.16482E-07
-18.6,-1.16397E-06,-8.1E-13,229885057.471269,-9,0,-1.16397E-07
-18.4,-1.16308E-06,-6.09E-12,216216216.216238,-9,0,-1.16308E-07
-18.2,-1.16212E-06,-4.46E-13,215053763.44085,-9,0,-1.16212E-07
-18,-1.16122E-06,-7.882E-12,212765957.446806,-9,0,-1.16122E-07
-17.8,-1.16024E-06,-8.964E-12,209424083.769633,-9,0,-1.16024E-07
-17.6,-1.15931E-06,2.5E-14,220994475.138122,-9,0,-1.15931E-07
-17.4,-1.15843E-06,-1.716E-12,213903743.315515,-9,0,-1.15843E-07
-17.2,-1.15744E-06,-5.088E-12,201005025.125621,-9,0,-1.15744E-07
-17,-1.15644E-06,-4.77E-12,204081632.65305,-9,0,-1.15644E-07
-16.8,-1.15548E-06,-8.96E-13,208333333.333326,-9,0,-1.15548E-07
-16.6,-1.15452E-06,6E-13,197044334.975378,-9,0,-1.15452E-07
-16.4,-1.15345E-06,-4.446E-12,197044334.975378,-9,0,-1.15345E-07
-16.2,-1.15249E-06,-1.372E-12,202020202.020199,-9,0,-1.15249E-07
-16,-1.15147E-06,1.033E-12,206185567.010311,-9,0,-1.15147E-07
-15.8,-1.15055E-06,-2.362E-12,213903743.315514,-9,0,-1.15055E-07
-15.6,-1.1496E-06,2.25E-13,206185567.010312,-9,0,-1.1496E-07
-15.4,-1.14861E-06,-4.612E-12,196078431.37255,-9,0,-1.14861E-07
-15.2,-1.14756E-06,-3.106E-12,174672489.082961,-9,0,-1.14756E-07
-15,-1.14632E-06,-5.494E-12,172413793.103442,-9,0,-1.14632E-07
-14.8,-1.14524E-06,7.83E-13,186915887.850468,-9,0,-1.14524E-07
-14.6,-1.14418E-06,-3.556E-12,193236714.975849,-9,0,-1.14418E-07
-14.4,-1.14317E-06,-6.367E-12,191387559.808623,-9,0,-1.14317E-07
-14.2,-1.14209E-06,-3.68E-13,170212765.957442,-9,0,-1.14209E-07
-14,-1.14082E-06,-5.055E-12,171673819.742478,-9,0,-1.14082E-07
-13.8,-1.13976E-06,-2.245E-12,184331797.235026,-9,0,-1.13976E-07
-13.6,-1.13865E-06,-4.867E-12,179372197.309422,-9,0,-1.13865E-07
-13.4,-1.13753E-06,-7.743E-12,175438596.491224,-9,0,-1.13753E-07
-13.2,-1.13637E-06,-1.1491E-11,161290322.580641,-9,0,-1.13637E-07
-13,-1.13505E-06,-2.517E-12,158730158.730166,-9,0,-1.13505E-07
-12.8,-1.13385E-06,3.52E-13,171673819.742494,-9,0,-1.13385E-07
-12.6,-1.13272E-06,-1.18E-13,170212765.957442,-9,0,-1.13272E-07
-12.4,-1.1315E-06,-3.542E-12,176991150.442484,-9,0,-1.1315E-07
-12.2,-1.13046E-06,-6.993E-12,165975103.734438,-9,0,-1.13046E-07
-12,-1.12909E-06,-2.777E-12,157480314.960629,-9,0,-1.12909E-07
-11.8,-1.12792E-06,-5.68E-13,162601626.016265,-9,0,-1.12792E-07
-11.6,-1.12663E-06,3.571E-12,151515151.51515,-9,0,-1.12663E-07
-11.4,-1.12528E-06,-3.577E-12,139860139.860141,-9,0,-1.12528E-07
-11.2,-1.12377E-06,-5.931E-12,145985401.459852,-9,0,-1.12377E-07
-11,-1.12254E-06,-3.088E-12,148698884.758357,-9,0,-1.12254E-07
-10.8,-1.12108E-06,2.632E-12,142348754.448396,-9,0,-1.12108E-07
-10.6,-1.11973E-06,-5.16E-12,140845070.422544,-9,0,-1.11973E-07
-10.4,-1.11824E-06,-2.995E-12,145454545.454551,-9,0,-1.11824E-07
-10.2,-1.11698E-06,-2.404E-12,144927536.231876,-9,0,-1.11698E-07
-10,-1.11548E-06,-8.424E-12,126182965.299683,-9,0,-1.11548E-07
-9.8,-1.11381E-06,-5.438E-12,132013201.320132,-9,0,-1.11381E-07
-9.6,-1.11245E-06,-5.79E-12,135593220.338988,-9,0,-1.11245E-07
-9.4,-1.11086E-06,-3.788E-12,121580547.112463,-9,0,-1.11086E-07
-9.2,-1.10916E-06,-2.459E-12,119760479.041913,-9,0,-1.10916E-07
-9,-1.10752E-06,-4.616E-12,120481927.710845,-9,0,-1.10752E-07
-8.8,-1.10584E-06,-7.16E-12,118343195.266275,-9,0,-1.10584E-07
-8.6,-1.10414E-06,-3.19E-13,112676056.33803,-9,0,-1.10414E-07
-8.4,-1.10229E-06,-2.6E-14,110497237.569055,-9,0,-1.10229E-07
-8.2,-1.10052E-06,-3.106E-12,108401084.01084,-9,0,-1.10052E-07
-8,-1.0986E-06,-5.442E-12,104438642.297654,-9,0,-1.0986E-07
-7.8,-1.09669E-06,-2.898E-12,98765432.0987656,-9,0,-1.09669E-07
-7.6,-1.09455E-06,-7.056E-12,96385542.1686747,-9,0,-1.09455E-07
-7.4,-1.09254E-06,-5.073E-12,94339622.6415062,-9,0,-1.09254E-07
-7.2,-1.09031E-06,-1.676E-12,86393088.5529137,-9,0,-1.09031E-07
-7,-1.08791E-06,-5.791E-12,84210526.3157926,-9,0,-1.08791E-07
-6.8,-1.08556E-06,-6.17E-13,82644628.0991737,-9,0,-1.08556E-07
-6.6,-1.08307E-06,-3.813E-12,73937153.4195926,-9,0,-1.08307E-07
-6.4,-1.08015E-06,-9.68E-13,67911714.7707985,-9,0,-1.08015E-07
-6.2,-1.07718E-06,-3.246E-12,65146579.8045595,-9,0,-1.07718E-07
-6,-1.07401E-06,-4.03E-13,60975609.7560974,-9,0,-1.07401E-07
-5.8,-1.07062E-06,-1.231E-12,56417489.4217203,-9,0,-1.07062E-07
-5.6,-1.06692E-06,-1.576E-12,51746442.4320832,-9,0,-1.06692E-07
-5.4,-1.06289E-06,-7.014E-12,46403712.2969842,-9,0,-1.06289E-07
-5.2,-1.0583E-06,-2.831E-12,41322314.049587,-9,0,-1.0583E-07
-5,-1.05321E-06,-2.984E-12,37700282.7521206,-9,0,-1.05321E-07
-4.8,-1.04769E-06,-6.582E-12,33783783.7837835,-9,0,-1.04769E-07
-4.6,-1.04137E-06,-7.039E-12,29784065.5249443,-9,0,-1.04137E-07
-4.4,-1.03426E-06,-3.887E-12,26281208.9356111,-9,0,-1.03426E-07
-4.2,-1.02615E-06,-3.052E-12,23094688.2217088,-9,0,-1.02615E-07
-4,-1.01694E-06,1.148E-12,20212228.398181,-9,0,-1.01694E-07
-3.8,-1.00636E-06,-5.278E-12,17596339.961288,-9,0,-1.00636E-07
-3.6,-9.94208E-07,-7.81E-13,15293442.9363409,-9,0,-9.94208E-08
-3.4,-9.80205E-07,-1.576E-12,13279330.7217317,-9,0,-9.80205E-08
-3.2,-9.64086E-07,-4.831E-12,11518746.7603525,-9,0,-9.64086E-08
-3,-9.45479E-07,-3.138E-12,9958175.66221868,-9,0,-9.45479E-08
-2.8,-9.23918E-07,-3.945E-12,8595311.25770893,-9,0,-9.23918E-08
-2.6,-8.98942E-07,-2.027E-12,7442552.79560889,-9,0,-8.98942E-08
-2.4,-8.70173E-07,-3.727E-12,6474692.04745949,-9,0,-8.70173E-08
-2.2,-8.37163E-07,-2.768E-12,5646766.5203213,-9,0,-8.37163E-08
-2,-7.99336E-07,-5.237E-12,4928779.14140668,-9,0,-7.99336E-08
-1.8,-7.56007E-07,-3.266E-12,4302925.98967298,-9,0,-7.56007E-08
-1.6,-7.06376E-07,-4.277E-12,3772588.37288263,-9,0,-7.06376E-08
-1.4,-6.49979E-07,-2.689E-12,3323031.93433689,-9,0,-6.49979E-08
-1.2,-5.86004E-07,-1.482E-12,2935866.00707544,-9,0,-5.86004E-08
-1,-5.13733E-07,-3.578E-12,2602540.07911722,-9,0,-5.13733E-08
-0.8,-4.32308E-07,-4.918E-12,2316450.27160379,-9,0,-4.32308E-08
-0.6,-3.41055E-07,-3.457E-12,2070007.65902834,-9,0,-3.41055E-08
-0.4,-2.39072E-07,-4.51E-12,1859626.12216814,-9,0,-2.39072E-08
-0.2,-1.25958E-07,-3.751E-12,1672577.33894125,-9,0,-1.25958E-08
0,7.9871E-11,-3.394E-12,1507340.74944982,-9,0,7.9871E-12
0.2,1.3941E-07,-2.877E-12,1365079.95585563,-9,0,1.3941E-08
0.4,2.93103E-07,-1.398E-12,1240156.25968872,-9,0,2.93103E-08
0.6,4.6195E-07,-4.75E-12,1132656.75969554,-9,0,4.6195E-08
0.8,6.46255E-07,-3.9E-12,1035319.93974438,-9,0,6.46255E-08
1,8.48304E-07,-7.72E-13,989858.89561443,-9,0,8.48304E-08
1,2.45415E-06,-3.436E-12,363444.729142816,-12,0,2.45415E-07
0.8,1.90386E-06,-1.2323E-11,374402.126604079,-12,0,1.90386E-07
0.6,1.38578E-06,-7.249E-12,397237.215168503,-12,0,1.38578E-07
0.4,8.96905E-07,-9.08E-12,420714.288719388,-12,0,8.96905E-08
0.2,4.35016E-07,-5.67E-12,446105.999449507,-12,0,4.35016E-08
0,2.57117E-10,-7.45E-12,474212.895508374,-12,0,2.57117E-11
-0.2,-4.08487E-07,-8.113E-12,505761.817538643,-12,0,-4.08487E-08
-0.4,-7.90629E-07,-5.741E-12,539226.721919431,-12,0,-7.90629E-08
-0.6,-1.15029E-06,-6.391E-12,574868.750278452,-12,0,-1.15029E-07
-0.8,-1.48644E-06,-1.066E-12,614883.249043088,-12,0,-1.48644E-07
-1,-1.80082E-06,-7.846E-12,660458.358100522,-12,0,-1.80082E-07
-1.2,-2.09208E-06,-6.856E-12,710959.439763961,-12,0,-2.09208E-07
-1.4,-2.36344E-06,-1.438E-11,765931.37254902,-12,0,-2.36344E-07
-1.6,-2.61432E-06,-1.7614E-11,829015.54404145,-12,0,-2.61432E-07
-1.8,-2.84594E-06,-1.9935E-11,898694.646026646,-12,0,-2.84594E-07
-2,-3.05941E-06,-3.041E-12,974943.940723409,-12,0,-3.05941E-07
-2.2,-3.25622E-06,-1.0277E-11,1068404.60482385,-12,0,-3.25622E-07
-2.4,-3.4338E-06,-4.48E-13,1174294.68925227,-12,0,-3.4338E-07
-2.6,-3.59685E-06,-1.1212E-11,1274900.39840638,-12,0,-3.59685E-07
-2.8,-3.74755E-06,-6.157E-12,1407558.58962629,-12,0,-3.74755E-07
-3,-3.88103E-06,-8.442E-12,1559089.49173683,-12,0,-3.88103E-07
-3.2,-4.00411E-06,-1.2181E-11,1719099.19202337,-12,0,-4.00411E-07
-3.4,-4.11371E-06,-1.2874E-11,1922799.59621208,-12,0,-4.11371E-07
-3.6,-4.21214E-06,1.8768E-11,2116738.10657777,-12,0,-4.21214E-07
-3.8,-4.30268E-06,-6.589E-12,2326798.9064045,-12,0,-4.30268E-07
-4,-4.38405E-06,1E-13,2665245.20255864,-12,0,-4.38405E-07
-4.2,-4.45276E-06,1.224E-12,2970223.50931909,-12,0,-4.45276E-07
-4.4,-4.51872E-06,4.587E-12,3313178.16615589,-12,0,-4.51872E-07
-4.6,-4.57349E-06,-7.712E-12,3861376.58075102,-12,0,-4.57349E-07
-4.8,-4.62231E-06,-3.09E-12,4263483.26582816,-12,0,-4.62231E-07
-5,-4.66731E-06,-9.793E-12,4759071.98096374,-12,0,-4.66731E-07
-5.2,-4.70636E-06,-1.0673E-11,5218525.76647101,-12,0,-4.70636E-07
-5.4,-4.74396E-06,-4.283E-12,5760368.66359448,-12,0,-4.74396E-07
-5.6,-4.7758E-06,2.55E-12,6584362.13991766,-12,0,-4.7758E-07
-5.8,-4.80471E-06,5.18E-13,7534375.58862301,-12,0,-4.80471E-07
-6,-4.82889E-06,-1.181E-12,8378718.05613745,-12,0,-4.82889E-07
-6.2,-4.85245E-06,-2.3E-13,9562514.94142967,-12,0,-4.85245E-07
-6.4,-4.87072E-06,-4.786E-12,10813733.4414707,-12,0,-4.87072E-07
-6.6,-4.88944E-06,1.6409E-11,11104941.6990561,-12,0,-4.88944E-07
-6.8,-4.90674E-06,1.1719E-11,12742911.7553359,-12,0,-4.90674E-07
-7,-4.92083E-06,6.281E-12,15618898.8676298,-12,0,-4.92083E-07
-7.2,-4.93235E-06,1.5092E-11,15860428.2315623,-12,0,-4.93235E-07
-7.4,-4.94605E-06,7.348E-12,16799664.0067196,-12,0,-4.94605E-07
-7.6,-4.95616E-06,7.522E-12,18165304.2688468,-12,0,-4.95616E-07
-7.8,-4.96807E-06,-5.276E-12,19675356.6158386,-12,0,-4.96807E-07
-8,-4.97649E-06,-2.4359E-11,22099447.5138123,-12,0,-4.97649E-07
-8.2,-4.98617E-06,-1.1216E-11,24509803.9215688,-12,0,-4.98617E-07
-8.4,-4.99281E-06,2.2246E-11,26666666.6666669,-12,0,-4.99281E-07
-8.6,-5.00117E-06,-4.873E-12,23282887.0779978,-12,0,-5.00117E-07
-8.8,-5.00999E-06,-1.7278E-11,24615384.6153846,-12,0,-5.00999E-07
-9,-5.01742E-06,-9.292E-12,29985007.4962524,-12,0,-5.01742E-07
-9.2,-5.02333E-06,-1.9295E-11,29873039.5817758,-12,0,-5.02333E-07
-9.4,-5.03081E-06,-2.901E-11,28288543.1400268,-12,0,-5.03081E-07
-9.6,-5.03747E-06,1.1073E-11,33277870.2163069,-12,0,-5.03747E-07
-9.8,-5.04283E-06,-3.0236E-11,38610038.6100398,-12,0,-5.04283E-07
-10,-5.04783E-06,5.433E-12,33585222.5021,-12,0,-5.04783E-07
-10.2,-5.05474E-06,-1.8521E-11,37174721.1895921,-12,0,-5.05474E-07
-10.4,-5.05859E-06,-1.9307E-11,39408866.9950728,-12,0,-5.05859E-07
-10.6,-5.06489E-06,-3.3496E-11,40404040.4040383,-12,0,-5.06489E-07
-10.8,-5.06849E-06,-8.3E-14,54719562.2435039,-12,0,-5.06849E-07
-11,-5.0722E-06,1.2374E-11,31446540.8805042,-12,0,-5.0722E-07
-11.2,-5.08121E-06,-1.3576E-11,28510334.996435,-12,0,-5.08121E-07
-11.4,-5.08623E-06,9.869E-12,41322314.049585,-12,0,-5.08623E-07
-11.6,-5.09089E-06,-2.5609E-11,50890585.241735,-12,0,-5.09089E-07
-11.8,-5.09409E-06,4.63E-12,57720057.7200624,-12,0,-5.09409E-07
-12,-5.09782E-06,-2.196E-12,68493150.6849284,-12,0,-5.09782E-07
-12.2,-5.09993E-06,-1.5103E-11,57142857.1428564,-12,0,-5.09993E-07
-12.4,-5.10482E-06,-1.1711E-11,52840158.5204742,-12,0,-5.10482E-07
-12.6,-5.1075E-06,7.717E-12,62015503.8759715,-12,0,-5.1075E-07
-12.8,-5.11127E-06,-1.5785E-11,47393364.9289098,-12,0,-5.11127E-07
-13,-5.11594E-06,-2.0978E-11,46082949.3087519,-12,0,-5.11594E-07
-13.2,-5.11995E-06,1.138E-11,61255742.7258861,-12,0,-5.11995E-07
-13.4,-5.12247E-06,3.8055E-11,58910162.0029469,-12,0,-5.12247E-07
-13.6,-5.12674E-06,-1.4584E-11,44994375.7030362,-12,0,-5.12674E-07
-13.8,-5.13136E-06,-1.7126E-11,48426150.1210645,-12,0,-5.13136E-07
-14,-5.135E-06,-9.55E-13,52083333.3333318,-12,0,-5.135E-07
-14.2,-5.13904E-06,1.1302E-11,49875311.7207017,-12,0,-5.13904E-07
-14.4,-5.14302E-06,-1.2542E-11,43478260.8695658,-12,0,-5.14302E-07
-14.6,-5.14824E-06,-1.6023E-11,55788005.5787995,-12,0,-5.14824E-07
-14.8,-5.15019E-06,1.8619E-11,62695924.764891,-12,0,-5.15019E-07
-15,-5.15462E-06,7.755E-12,53333333.3333309,-12,0,-5.15462E-07
-15.2,-5.15769E-06,1.3179E-11,67453625.6323706,-12,0,-5.15769E-07
-15.4,-5.16055E-06,3.624E-12,101265822.784827,-12,0,-5.16055E-07
-15.6,-5.16164E-06,4.401E-12,66777963.272123,-12,0,-5.16164E-07
-15.8,-5.16654E-06,6.533E-12,48899755.5012196,-12,0,-5.16654E-07
-16,-5.16982E-06,-3.586E-11,59701492.5373182,-12,0,-5.16982E-07
-16.2,-5.17324E-06,-7.834E-12,59612518.6289106,-12,0,-5.17324E-07
-16.4,-5.17653E-06,1.1078E-11,57803468.2080892,-12,0,-5.17653E-07
-16.6,-5.18016E-06,4.926E-12,65252854.812405,-12,0,-5.18016E-07
-16.8,-5.18266E-06,-8.522E-12,114613180.515752,-12,0,-5.18266E-07
-17,-5.18365E-06,-1.2763E-11,83160083.1600792,-12,0,-5.18365E-07
-17.2,-5.18747E-06,8.133E-12,43196544.276459,-12,0,-5.18747E-07
-17.4,-5.19291E-06,4.817E-12,47562425.6837074,-12,0,-5.19291E-07
-17.6,-5.19588E-06,-1.6327E-11,74211502.7829293,-12,0,-5.19588E-07
-17.8,-5.1983E-06,-2.172E-12,77071290.9441276,-12,0,-5.1983E-07
-18,-5.20107E-06,6.152E-12,78431372.5490167,-12,0,-5.20107E-07
-18.2,-5.2034E-06,9.488E-12,81632653.0612294,-12,0,-5.2034E-07
-18.4,-5.20597E-06,-4.88E-13,54945054.9450601,-12,0,-5.20597E-07
-18.6,-5.21068E-06,-4.57E-12,51480051.4800473,-12,0,-5.21068E-07
-18.8,-5.21374E-06,6.533E-12,63795853.2695301,-12,0,-5.21374E-07
-19,-5.21695E-06,1.673E-12,87719298.2456202,-12,0,-5.21695E-07
-19.2,-5.2183E-06,-1.8967E-11,68846815.8347696,-12,0,-5.2183E-07
-19.4,-5.22276E-06,4.8E-14,56417489.421724,-12,0,-5.22276E-07
-19.6,-5.22539E-06,1.8289E-11,102040816.326536,-12,0,-5.22539E-07
-19.8,-5.22668E-06,9.414E-12,104438642.297642,-12,0,-5.22668E-07
-20,-5.22922E-06,1.9628E-11,-1999999999.99561,-12,0,-5.22922E-07
-20,-5.22658E-06,1.238E-11,67340067.3400616,-12,0,-5.22658E-07
-19.8,-5.22625E-06,-1.7366E-11,135135135.135155,-12,0,-5.22625E-07
-19.6,-5.22362E-06,1.5837E-11,58823529.4117674,-12,0,-5.22362E-07
-19.4,-5.21945E-06,-1.4947E-11,58055152.3947751,-12,0,-5.21945E-07
-19.2,-5.21673E-06,-3.8945E-11,78277886.4970646,-12,0,-5.21673E-07
-19,-5.21434E-06,1.1749E-11,68846815.834769,-12,0,-5.21434E-07
-18.8,-5.21092E-06,9.87E-13,59880239.5209602,-12,0,-5.21092E-07
-18.6,-5.20766E-06,-1.9639E-11,163934426.229478,-12,0,-5.20766E-07
-18.4,-5.20848E-06,1.9156E-11,133779264.21405,-12,0,-5.20848E-07
-18.2,-5.20467E-06,-1.9679E-11,60975609.7560996,-12,0,-5.20467E-07
-18,-5.20192E-06,-1.932E-12,46620046.6200436,-12,0,-5.20192E-07
-17.8,-5.19609E-06,-1.7865E-11,77071290.944115,-12,0,-5.19609E-07
-17.6,-5.19673E-06,4.01E-13,119760479.04192,-12,0,-5.19673E-07
-17.4,-5.19275E-06,-4.5163E-11,60331825.0377111,-12,0,-5.19275E-07
-17.2,-5.1901E-06,2.361E-12,75901328.2732422,-12,0,-5.1901E-07
-17,-5.18748E-06,-1.6746E-11,114942528.73562,-12,0,-5.18748E-07
-16.8,-5.18662E-06,-3.0123E-11,68027210.8843572,-12,0,-5.18662E-07
-16.6,-5.1816E-06,2.382E-12,47904191.6167686,-12,0,-5.1816E-07
-16.4,-5.17827E-06,2.178E-11,38277511.9617225,-12,0,-5.17827E-07
-16.2,-5.17115E-06,-5.98E-12,54274084.1248322,-12,0,-5.17115E-07
-16,-5.1709E-06,-5.83E-12,168067226.890782,-12,0,-5.1709E-07
-15.8,-5.16877E-06,-1.4609E-11,51282051.2820503,-12,0,-5.16877E-07
-15.6,-5.1631E-06,-3.23E-12,69565217.3913056,-12,0,-5.1631E-07
-15.4,-5.16302E-06,1.4E-14,70546737.2134007,-12,0,-5.16302E-07
-15.2,-5.15743E-06,-7.363E-12,44994375.7030362,-12,0,-5.15743E-07
-15,-5.15413E-06,1.4627E-11,57142857.1428564,-12,0,-5.15413E-07
-14.8,-5.15043E-06,-9.407E-12,70671378.0918681,-12,0,-5.15043E-07
-14.6,-5.14847E-06,-1.1697E-11,48959608.3231347,-12,0,-5.14847E-07
-14.4,-5.14226E-06,1.2381E-11,47619047.6190487,-12,0,-5.14226E-07
-14.2,-5.14007E-06,1.4248E-11,98765432.0987762,-12,0,-5.14007E-07
-14,-5.13821E-06,1.8562E-11,59790732.4364685,-12,0,-5.13821E-07
-13.8,-5.13338E-06,-9.986E-12,45454545.4545421,-12,0,-5.13338E-07
-13.6,-5.12941E-06,-1.8232E-11,47225501.7709586,-12,0,-5.12941E-07
-13.4,-5.12491E-06,-3.6947E-11,55325034.5781457,-12,0,-5.12491E-07
-13.2,-5.12218E-06,3.453E-12,37313432.8358199,-12,0,-5.12218E-07
-13,-5.11419E-06,1.0671E-11,46565774.155998,-12,0,-5.11419E-07
-12.8,-5.11359E-06,-8.642E-12,77071290.944128,-12,0,-5.11359E-07
-12.6,-5.109E-06,2.3155E-11,47619047.6190489,-12,0,-5.109E-07
-12.4,-5.10519E-06,-1.5421E-11,44345898.0044346,-12,0,-5.10519E-07
-12.2,-5.09998E-06,3.6556E-11,40000000.0000004,-12,0,-5.09998E-07
-12,-5.09519E-06,-1.8461E-11,45045045.0450434,-12,0,-5.09519E-07
-11.8,-5.0911E-06,1.653E-12,49937578.0274629,-12,0,-5.0911E-07
-11.6,-5.08718E-06,6.704E-12,42735042.7350427,-12,0,-5.08718E-07
-11.4,-5.08174E-06,1.5542E-11,42372881.3559334,-12,0,-5.08174E-07
-11.2,-5.07774E-06,-2.2451E-11,37523452.1576003,-12,0,-5.07774E-07
-11,-5.07108E-06,-1.0078E-11,52770448.5488126,-12,0,-5.07108E-07
-10.8,-5.07016E-06,-4.032E-12,39292730.8447913,-12,0,-5.07016E-07
-10.6,-5.0609E-06,-1.5E-13,32921810.6995875,-12,0,-5.0609E-07
-10.4,-5.05801E-06,4.0169E-11,42872454.4480187,-12,0,-5.05801E-07
-10.2,-5.05157E-06,9.002E-12,40733197.5560081,-12,0,-5.05157E-07
-10,-5.04819E-06,-3.893E-12,43243243.2432435,-12,0,-5.04819E-07
-9.8,-5.04232E-06,1.1185E-11,29806259.3144573,-12,0,-5.04232E-07
-9.6,-5.03477E-06,2.3237E-11,29282576.866764,-12,0,-5.03477E-07
-9.4,-5.02866E-06,-3.8157E-11,34364261.1683839,-12,0,-5.02866E-07
-9.2,-5.02313E-06,1.1846E-11,35460992.9078025,-12,0,-5.02313E-07
-9,-5.01738E-06,-8.427E-12,25125628.1407038,-12,0,-5.01738E-07
-8.8,-5.00721E-06,-4.5984E-11,26109660.5744122,-12,0,-5.00721E-07
-8.6,-5.00206E-06,-1.3147E-11,25657472.7389345,-12,0,-5.00206E-07
-8.4,-4.99162E-06,-6.767E-12,22870211.5494563,-12,0,-4.99162E-07
-8.2,-4.98457E-06,-2.0902E-11,23201856.1484921,-12,0,-4.98457E-07
-8,-4.97438E-06,-1.0965E-11,21197668.2564923,-12,0,-4.97438E-07
-7.8,-4.9657E-06,-3.687E-12,21703743.8958219,-12,0,-4.9657E-07
-7.6,-4.95595E-06,-8.443E-12,18256503.8795067,-12,0,-4.95595E-07
-7.4,-4.94379E-06,7.457E-12,16799664.0067202,-12,0,-4.94379E-07
-7.2,-4.93214E-06,9.091E-12,16949152.5423734,-12,0,-4.93214E-07
-7,-4.92019E-06,-1.7103E-11,13623978.2016346,-12,0,-4.92019E-07
-6.8,-4.90278E-06,-4.1552E-11,12206286.2374121,-12,0,-4.90278E-07
-6.6,-4.88742E-06,-1.2602E-11,11648223.645894,-12,0,-4.88742E-07
-6.4,-4.86844E-06,-9.158E-12,9835259.40496684,-12,0,-4.86844E-07
-6.2,-4.84675E-06,-3.0239E-11,9285051.0677809,-12,0,-4.84675E-07
-6,-4.82536E-06,3.983E-12,8869179.60088697,-12,0,-4.82536E-07
-5.8,-4.80165E-06,6.811E-12,7578628.26828343,-12,0,-4.80165E-07
-5.6,-4.77258E-06,-4.154E-12,6871671.53410061,-12,0,-4.77258E-07
-5.4,-4.74344E-06,-3.168E-12,6190992.10648507,-12,0,-4.74344E-07
-5.2,-4.70797E-06,1.0963E-11,5198180.63677712,-12,0,-4.70797E-07
-5,-4.66649E-06,2.0826E-11,4689881.5804901,-12,0,-4.66649E-07
-4.8,-4.62268E-06,2.8905E-11,4159733.77703827,-12,0,-4.62268E-07
-4.6,-4.57033E-06,-2.1174E-11,3709886.84845113,-12,0,-4.57033E-07
-4.4,-4.51486E-06,4.78E-12,3364737.55047106,-12,0,-4.51486E-07
-4.2,-4.45145E-06,-3.4811E-11,2966478.78967665,-12,0,-4.45145E-07
-4,-4.38002E-06,-1.7881E-11,2655337.22782793,-12,0,-4.38002E-07
-3.8,-4.30081E-06,-2.5266E-11,2336994.62491236,-12,0,-4.30081E-07
-3.6,-4.20886E-06,-1.861E-11,2094789.21183557,-12,0,-4.20886E-07
-3.4,-4.10986E-06,-2.692E-12,1906395.95844057,-12,0,-4.10986E-07
-3.2,-3.99904E-06,3.048E-12,1716959.26514143,-12,0,-3.99904E-07
-3,-3.87689E-06,-1.918E-11,1552373.190515,-12,0,-3.87689E-07
-2.8,-3.74137E-06,4.341E-12,1408549.89788013,-12,0,-3.74137E-07
-2.6,-3.59291E-06,5.68E-13,1276894.5923514,-12,0,-3.59291E-07
-2.4,-3.42811E-06,-1.1979E-11,1165059.85495005,-12,0,-3.42811E-07
-2.2,-3.24958E-06,2.41E-12,1071610.3624722,-12,0,-3.24958E-07
-2,-3.05484E-06,-1.452E-12,980175.941581514,-12,0,-3.05484E-07
-1.8,-2.84149E-06,-2.357E-12,899867.269577737,-12,0,-2.84149E-07
-1.6,-2.61033E-06,-5.14E-12,830047.727744345,-12,0,-2.61033E-07
-1.4,-2.35959E-06,-1.0057E-11,766606.615815095,-12,0,-2.35959E-07
-1.2,-2.08855E-06,-2.857E-12,711212.261299385,-12,0,-2.08855E-07
-1,-1.79717E-06,2.42E-13,660491.075114347,-12,0,-1.79717E-07
-0.8,-1.48294E-06,-4.917E-12,616161.927354509,-12,0,-1.48294E-07
-0.6,-1.14799E-06,-3.01E-12,576081.665336878,-12,0,-1.14799E-07
-0.4,-7.88594E-07,-3.108E-12,540165.344611985,-12,0,-7.88594E-08
-0.2,-4.07476E-07,-3.917E-12,507072.248201562,-12,0,-4.07476E-08
0,2.48224E-10,-4.818E-12,475625.953481404,-12,0,2.48224E-11
0.2,4.33521E-07,-5.088E-12,447656.240690149,-12,0,4.33521E-08
0.4,8.93791E-07,-5.79E-12,421968.080224571,-12,0,8.93791E-08
0.6,1.38146E-06,-4.391E-12,398561.591217297,-12,0,1.38146E-07
0.8,1.8974E-06,-1.1323E-11,375657.400450789,-12,0,1.8974E-07
1,2.44626E-06,-1.6112E-11,364391.648143424,-12,0,2.44626E-07
1,4.6801E-06,-1.3723E-11,195734.935750007,-15,0,4.6801E-07
0.8,3.65831E-06,-1.4441E-11,200193.1864249,-15,0,3.65831E-07
0.6,2.68203E-06,-1.1029E-11,209107.685230201,-15,0,2.68203E-07
0.4,1.74542E-06,-1.1049E-11,218836.936392309,-15,0,1.74542E-07
0.2,8.54185E-07,-9.181E-12,229236.771139652,-15,0,8.54185E-08
0,4.99244E-10,-8.441E-12,238397.349975058,-15,0,4.99244E-11
-0.2,-8.23686E-07,-7.398E-12,246973.152000607,-15,0,-8.23686E-08
-0.4,-1.61911E-06,-6.168E-12,255233.238514185,-15,0,-1.61911E-07
-0.6,-2.39088E-06,-1.2754E-11,263216.772172723,-15,0,-2.39088E-07
-0.8,-3.13877E-06,-7.609E-12,272182.906913446,-15,0,-3.13877E-07
-1,-3.86048E-06,-2.1301E-11,281960.187221564,-15,0,-3.86048E-07
-1.2,-4.55741E-06,-1.2622E-11,293248.682213734,-15,0,-4.55741E-07
-1.4,-5.22451E-06,-1.3769E-11,307377.836521098,-15,0,-5.22451E-07
-1.6,-5.85874E-06,1.1027E-11,321882.368088582,-15,0,-5.85874E-07
-1.8,-6.4672E-06,-2.512E-12,334800.877178298,-15,0,-6.4672E-07
-2,-7.05348E-06,-1.6272E-11,351228.42140386,-15,0,-7.05348E-07
-2.2,-7.60606E-06,9.43E-13,363411.709125268,-15,0,-7.60606E-07
-2.4,-8.15416E-06,-4.0607E-11,383097.728230471,-15,0,-8.15416E-07
-2.6,-8.65018E-06,-1.8921E-11,415230.660631982,-15,0,-8.65018E-07
-2.8,-9.11748E-06,1.8147E-11,440460.721915123,-15,0,-9.11748E-07
-3,-9.55832E-06,-6.1033E-11,467027.834858958,-15,0,-9.55832E-07
-3.2,-9.97396E-06,-1.1163E-11,490911.991752678,-15,0,-9.97396E-07
-3.4,-1.037313E-05,-4.963E-12,514191.690662278,-15,0,-1.037313E-06
-3.6,-1.075188E-05,2.0577E-11,543057.686302729,-15,0,-1.075188E-06
-3.8,-1.11097E-05,-1.2678E-11,590040.122728347,-15,0,-1.11097E-06
-4,-1.14298E-05,1.8819E-11,634517.766497462,-15,0,-1.14298E-06
-4.2,-1.17401E-05,1.711E-12,668784.484199967,-15,0,-1.17401E-06
-4.4,-1.20279E-05,-2.89E-12,742804.08542247,-15,0,-1.20279E-06
-4.6,-1.22786E-05,-2.6958E-11,829359.319925356,-15,0,-1.22786E-06
-4.8,-1.25102E-05,-6.99E-12,880669.308674589,-15,0,-1.25102E-06
-5,-1.27328E-05,-3.867E-12,954881.83337312,-15,0,-1.27328E-06
-5.2,-1.29291E-05,-6.253E-11,1077005.92353258,-15,0,-1.29291E-06
-5.4,-1.31042E-05,-5.875E-11,1175433.4410814,-15,0,-1.31042E-06
-5.6,-1.32694E-05,4.7094E-11,1282462.32766913,-15,0,-1.32694E-06
-5.8,-1.34161E-05,-5.0215E-11,1388406.80319333,-15,0,-1.34161E-06
-6,-1.35575E-05,7.088E-12,1622060.0162206,-15,0,-1.35575E-06
-6.2,-1.36627E-05,4.4107E-11,1948368.24159767,-15,0,-1.36627E-06
-6.4,-1.37628E-05,-6.1897E-11,1762114.53744494,-15,0,-1.37628E-06
-6.6,-1.38897E-05,5.516E-11,1602564.1025641,-15,0,-1.38897E-06
-6.8,-1.40124E-05,-8.82E-12,2069322.29694774,-15,0,-1.40124E-06
-7,-1.4083E-05,1.6522E-11,2580645.16129031,-15,0,-1.4083E-06
-7.2,-1.41674E-05,-5.183E-11,2612671.45656433,-15,0,-1.41674E-06
-7.4,-1.42361E-05,-2.0648E-11,3005259.20360634,-15,0,-1.42361E-06
-7.6,-1.43005E-05,2.5054E-11,3103180.76027929,-15,0,-1.43005E-06
-7.8,-1.4365E-05,-8.157E-11,3030303.03030299,-15,0,-1.4365E-06
-8,-1.44325E-05,-9.94E-11,3798670.46533711,-15,0,-1.44325E-06
-8.2,-1.44703E-05,-4.63E-11,4705882.35294118,-15,0,-1.44703E-06
-8.4,-1.45175E-05,-3.05E-11,3679852.80588779,-15,0,-1.45175E-06
-8.6,-1.4579E-05,8.923E-12,4464285.71428572,-15,0,-1.4579E-06
-8.8,-1.46071E-05,4.6029E-11,9090909.09090912,-15,0,-1.46071E-06
-9,-1.4623E-05,4.791E-11,7905138.33992109,-15,0,-1.4623E-06
-9.2,-1.46577E-05,2.489E-12,6006006.00600598,-15,0,-1.46577E-06
-9.4,-1.46896E-05,-2.498E-12,7677543.18618029,-15,0,-1.46896E-06
-9.6,-1.47098E-05,-3.3852E-11,9367681.49882895,-15,0,-1.47098E-06
-9.8,-1.47323E-05,1.7149E-11,8869179.60088713,-15,0,-1.47323E-06
-10,-1.47549E-05,2.2193E-11,10498687.6640423,-15,0,-1.47549E-06
-10.2,-1.47704E-05,-1.3021E-11,12499999.9999997,-15,0,-1.47704E-06
-10.4,-1.47869E-05,8.2255E-11,8810572.68722439,-15,0,-1.47869E-06
-10.6,-1.48158E-05,9.2604E-11,9280742.45939684,-15,0,-1.48158E-06
-10.8,-1.483E-05,7.0208E-11,18779342.7230054,-15,0,-1.483E-06
-11,-1.48371E-05,-1.0668E-11,11627906.9767439,-15,0,-1.48371E-06
-11.2,-1.48644E-05,-5.9E-11,6711409.39597313,-15,0,-1.48644E-06
-11.4,-1.48967E-05,-1.20331E-10,13029315.9609122,-15,0,-1.48967E-06
-11.6,-1.48951E-05,3.0291E-11,15444015.4440159,-15,0,-1.48951E-06
-11.8,-1.49226E-05,-1.0883E-11,11173184.3575417,-15,0,-1.49226E-06
-12,-1.49309E-05,2.8149E-11,18264840.1826479,-15,0,-1.49309E-06
-12.2,-1.49445E-05,-5.2833E-11,17021276.5957454,-15,0,-1.49445E-06
-12.4,-1.49544E-05,1.467E-12,15037593.9849619,-15,0,-1.49544E-06
-12.6,-1.49711E-05,5.5057E-11,13698630.1369865,-15,0,-1.49711E-06
-12.8,-1.49836E-05,-1.0462E-11,8988764.04494397,-15,0,-1.49836E-06
-13,-1.50156E-05,6.0364E-11,16528925.6198344,-15,0,-1.50156E-06
-13.2,-1.50078E-05,1.1117E-11,21739130.434783,-15,0,-1.50078E-06
-13.4,-1.5034E-05,2.0582E-11,7194244.60431653,-15,0,-1.5034E-06
-13.6,-1.50634E-05,4.772E-11,23121387.2832361,-15,0,-1.50634E-06
-13.8,-1.50513E-05,3.0415E-11,1999999999.99562,-15,0,-1.50513E-06
-14,-1.50636E-05,2.75E-11,22471910.1123595,-15,0,-1.50636E-06
-14.2,-1.50691E-05,-7.6362E-11,14705882.352941,-15,0,-1.50691E-06
-14.4,-1.50908E-05,-7.104E-12,54794520.547952,-15,0,-1.50908E-06
-14.6,-1.50764E-05,3.0483E-11,30769230.7692315,-15,0,-1.50764E-06
-14.8,-1.51038E-05,4.7197E-11,10638297.8723401,-15,0,-1.51038E-06
-15,-1.5114E-05,-9.8781E-11,54054054.0540593,-15,0,-1.5114E-06
-15.2,-1.51112E-05,2.3906E-11,20408163.2653073,-15,0,-1.51112E-06
-15.4,-1.51336E-05,-5.7939E-11,21621621.6216217,-15,0,-1.51336E-06
-15.6,-1.51297E-05,-5.1E-11,14814814.8148149,-15,0,-1.51297E-06
-15.8,-1.51606E-05,-2.1494E-11,13559322.0338982,-15,0,-1.51606E-06
-16,-1.51592E-05,2.3894E-11,26666666.6666653,-15,0,-1.51592E-06
-16.2,-1.51756E-05,-3.07E-12,17543859.6491221,-15,0,-1.51756E-06
-16.4,-1.5182E-05,-1.52E-11,25316455.6962042,-15,0,-1.5182E-06
-16.6,-1.51914E-05,4.3851E-11,22727272.7272733,-15,0,-1.51914E-06
-16.8,-1.51996E-05,3.1828E-11,-23255813.95349,-15,0,-1.51996E-06
-17,-1.51742E-05,1.9397E-11,-26315789.4736821,-15,0,-1.51742E-06
-17.2,-1.51844E-05,-2.2643E-11,11904761.9047623,-15,0,-1.51844E-06
-17.4,-1.52078E-05,1.2454E-11,11869436.2017801,-15,0,-1.52078E-06
-17.6,-1.52181E-05,-5.3912E-11,28368794.3262402,-15,0,-1.52181E-06
-17.8,-1.52219E-05,3.5602E-11,16064257.0281121,-15,0,-1.52219E-06
-18,-1.5243E-05,-7.0814E-11,12578616.3522011,-15,0,-1.5243E-06
-18.2,-1.52537E-05,3.322E-11,27777777.7777791,-15,0,-1.52537E-06
-18.4,-1.52574E-05,-3.358E-12,61538461.5384713,-15,0,-1.52574E-06
-18.6,-1.52602E-05,5.402E-11,20512820.5128218,-15,0,-1.52602E-06
-18.8,-1.52769E-05,1.5224E-11,18348623.8532106,-15,0,-1.52769E-06
-19,-1.5282E-05,2.4379E-11,54054054.0540343,-15,0,-1.5282E-06
-19.2,-1.52843E-05,3.04E-12,11363636.3636367,-15,0,-1.52843E-06
-19.4,-1.53172E-05,-1.686E-11,11363636.3636367,-15,0,-1.53172E-06
-19.6,-1.53195E-05,9.3107E-11,666666666.665203,-15,0,-1.53195E-06
-19.8,-1.53178E-05,-2.3904E-11,24096385.5421699,-15,0,-1.53178E-06
-20,-1.53361E-05,2.4689E-11,11976047.904192,-15,0,-1.53361E-06
-20,-1.53345E-05,-3.1249E-11,18181818.1818175,-15,0,-1.53345E-06
-19.8,-1.53251E-05,7.2483E-11,18099547.5113113,-15,0,-1.53251E-06
-19.6,-1.53124E-05,-5.3647E-11,15444015.4440159,-15,0,-1.53124E-06
-19.4,-1.52992E-05,-1.2077E-11,32258064.516129,-15,0,-1.52992E-06
-19.2,-1.53E-05,-2.9543E-11,95238095.2381174,-15,0,-1.53E-06
-19,-1.5295E-05,1.472E-11,27397260.273976,-15,0,-1.5295E-06
-18.8,-1.52854E-05,-3E-12,24242424.2424208,-15,0,-1.52854E-06
-18.6,-1.52785E-05,5.59E-13,25316455.6962012,-15,0,-1.52785E-06
-18.4,-1.52696E-05,-6.4368E-11,17777777.777779,-15,0,-1.52696E-06
-18.2,-1.5256E-05,1.93E-13,76923076.923059,-15,0,-1.5256E-06
-18,-1.52644E-05,8.72E-11,33057851.2396662,-15,0,-1.52644E-06
-17.8,-1.52439E-05,3.92E-13,13245033.1125834,-15,0,-1.52439E-06
-17.6,-1.52342E-05,-6.3992E-11,25477707.0063712,-15,0,-1.52342E-06
-17.4,-1.52282E-05,-1.2274E-11,42553191.4893607,-15,0,-1.52282E-06
-17.2,-1.52248E-05,1.3908E-11,51282051.2820505,-15,0,-1.52248E-06
-17,-1.52204E-05,-1.1842E-10,21164021.1640221,-15,0,-1.52204E-06
-16.8,-1.52059E-05,-4.0511E-11,24096385.5421674,-15,0,-1.52059E-06
-16.6,-1.52038E-05,6.96E-11,15267175.5725193,-15,0,-1.52038E-06
-16.4,-1.51797E-05,-8.212E-12,22988505.7471276,-15,0,-1.51797E-06
-16.2,-1.51864E-05,-9.4427E-11,-66666666.6666708,-15,0,-1.51864E-06
-16,-1.51857E-05,-3.567E-11,25974025.9740261,-15,0,-1.51857E-06
-15.8,-1.5171E-05,6.344E-12,10282776.3496142,-15,0,-1.5171E-06
-15.6,-1.51468E-05,4.62E-11,13157894.7368419,-15,0,-1.51468E-06
-15.4,-1.51406E-05,5.0922E-11,35087719.2982468,-15,0,-1.51406E-06
-15.2,-1.51354E-05,-5.0763E-11,29197080.2919718,-15,0,-1.51354E-06
-15,-1.51269E-05,-4.4339E-11,30075187.969924,-15,0,-1.51269E-06
-14.8,-1.51221E-05,-1.953E-11,30075187.969924,-15,0,-1.51221E-06
-14.6,-1.51136E-05,-6.461E-12,35087719.2982469,-15,0,-1.51136E-06
-14.4,-1.51107E-05,-4.3873E-11,39215686.2745084,-15,0,-1.51107E-06
-14.2,-1.51034E-05,-1.3336E-11,20512820.5128201,-15,0,-1.51034E-06
-14,-1.50912E-05,-6.457E-12,24844720.4968949,-15,0,-1.50912E-06
-13.8,-1.50873E-05,3.1611E-11,24539877.3006133,-15,0,-1.50873E-06
-13.6,-1.50749E-05,-2.6479E-11,14545454.5454549,-15,0,-1.50749E-06
-13.4,-1.50598E-05,4.5234E-11,12738853.5031849,-15,0,-1.50598E-06
-13.2,-1.50435E-05,-1.5E-12,18099547.5113114,-15,0,-1.50435E-06
-13,-1.50377E-05,-1.8276E-11,10928961.7486337,-15,0,-1.50377E-06
-12.8,-1.50069E-05,4.3976E-11,11834319.5266274,-15,0,-1.50069E-06
-12.6,-1.50039E-05,2.1556E-11,20512820.5128201,-15,0,-1.50039E-06
-12.4,-1.49874E-05,-8.45E-11,10554089.7097625,-15,0,-1.49874E-06
-12.2,-1.4966E-05,-7.5521E-11,12383900.9287927,-15,0,-1.4966E-06
-12,-1.49551E-05,8.1576E-11,22222222.2222216,-15,0,-1.49551E-06
-11.8,-1.4948E-05,-2.9339E-11,36363636.3636351,-15,0,-1.4948E-06
-11.6,-1.49441E-05,8.271E-12,111111111.111129,-15,0,-1.49441E-06
-11.4,-1.49444E-05,3.248E-11,9195402.29885079,-15,0,-1.49444E-06
-11.2,-1.49006E-05,-3.2447E-11,6289308.17610058,-15,0,-1.49006E-06
-11,-1.48808E-05,-2.1071E-11,9389671.3615023,-15,0,-1.48808E-06
-10.8,-1.4858E-05,2.4929E-11,9708737.86407795,-15,0,-1.4858E-06
-10.6,-1.48396E-05,2.9232E-11,9456264.77541381,-15,0,-1.48396E-06
-10.4,-1.48157E-05,-1.9667E-11,8791208.79120879,-15,0,-1.48157E-06
-10.2,-1.47941E-05,-3.703E-12,8810572.68722443,-15,0,-1.47941E-06
-10,-1.47703E-05,-4.28E-11,11527377.5216139,-15,0,-1.47703E-06
-9.8,-1.47594E-05,5.176E-12,7692307.69230787,-15,0,-1.47594E-06
-9.6,-1.47183E-05,-3.49E-11,5291005.29100519,-15,0,-1.47183E-06
-9.4,-1.46838E-05,3.2766E-11,9090909.09090908,-15,0,-1.46838E-06
-9.2,-1.46743E-05,-1.1177E-11,7434944.23791831,-15,0,-1.46743E-06
-9,-1.463E-05,-6.9586E-11,5312084.99335984,-15,0,-1.463E-06
-8.8,-1.4599E-05,9.42E-12,7547169.81132086,-15,0,-1.4599E-06
-8.6,-1.4577E-05,9.816E-12,6400000.00000002,-15,0,-1.4577E-06
-8.4,-1.45365E-05,-2.56E-11,4400440.04400435,-15,0,-1.45365E-06
-8.2,-1.44861E-05,-2.8011E-11,4094165.81371543,-15,0,-1.44861E-06
-8,-1.44388E-05,-9.053E-12,3956478.73392681,-15,0,-1.44388E-06
-7.8,-1.4385E-05,-2.1906E-11,3457216.94036302,-15,0,-1.4385E-06
-7.6,-1.43231E-05,-3.2739E-11,2947678.70302138,-15,0,-1.43231E-06
-7.4,-1.42493E-05,-6.1888E-11,2826855.12367491,-15,0,-1.42493E-06
-7.2,-1.41816E-05,-3.4872E-11,2743484.22496569,-15,0,-1.41816E-06
-7,-1.41035E-05,1.0268E-11,2520478.89098931,-15,0,-1.41035E-06
-6.8,-1.40229E-05,2.0165E-11,2337814.14377558,-15,0,-1.40229E-06
-6.6,-1.39324E-05,-2.4803E-11,2171552.660152,-15,0,-1.39324E-06
-6.4,-1.38387E-05,-2.0884E-11,1809954.75113122,-15,0,-1.38387E-06
-6.2,-1.37114E-05,3.9034E-11,1671541.99749269,-15,0,-1.37114E-06
-6,-1.35994E-05,3.0178E-11,1521491.06124001,-15,0,-1.35994E-06
-5.8,-1.34485E-05,3.9699E-11,1330229.46458264,-15,0,-1.34485E-06
-5.6,-1.32987E-05,-1.9789E-11,1216545.01216545,-15,0,-1.32987E-06
-5.4,-1.31197E-05,1.8517E-11,1132502.83125708,-15,0,-1.31197E-06
-5.2,-1.29455E-05,2.3204E-11,1118881.11888112,-15,0,-1.29455E-06
-5,-1.27622E-05,-1.7124E-11,958083.832335333,-15,0,-1.27622E-06
-4.8,-1.2528E-05,1.8687E-11,841396.718552795,-15,0,-1.2528E-06
-4.6,-1.22868E-05,-2.2471E-11,836820.083682005,-15,0,-1.22868E-06
-4.4,-1.205E-05,-1.07264E-10,779271.381258523,-15,0,-1.205E-06
-4.2,-1.17735E-05,-1.7598E-11,697836.706210747,-15,0,-1.17735E-06
-4,-1.14768E-05,3.6165E-11,647878.198898607,-15,0,-1.14768E-06
-3.8,-1.11561E-05,-1.9189E-11,605235.285217129,-15,0,-1.11561E-06
-3.6,-1.08159E-05,3.9226E-11,557180.665830897,-15,0,-1.08159E-06
-3.4,-1.04382E-05,2.5257E-11,539228.902669183,-15,0,-1.04382E-06
-3.2,-1.00741E-05,-1.00361E-10,513986.867635531,-15,0,-1.00741E-06
-3,-9.65997E-06,-4.248E-12,464889.240138537,-15,0,-9.65997E-07
-2.8,-9.21368E-06,-3.9883E-11,436209.773279971,-15,0,-9.21368E-07
-2.6,-8.74298E-06,2.8413E-11,416241.753210265,-15,0,-8.74298E-07
-2.4,-8.2527E-06,-5.0571E-11,386622.8494104,-15,0,-8.2527E-07
-2.2,-7.70838E-06,2.4745E-11,361781.411671068,-15,0,-7.70838E-07
-2,-7.14706E-06,7.161E-12,352183.980911628,-15,0,-7.14706E-07
-1.8,-6.57261E-06,-1.621E-12,335998.924803441,-15,0,-6.57261E-07
-1.6,-5.95658E-06,1.4902E-11,316140.556091238,-15,0,-5.95658E-07
-1.4,-5.30735E-06,8.231E-12,299910.776543978,-15,0,-5.30735E-07
-1.2,-4.62285E-06,-1.7362E-11,287778.065555843,-15,0,-4.62285E-07
-1,-3.91739E-06,3.0319E-11,277754.631558481,-15,0,-3.91739E-07
-0.8,-3.18273E-06,-9.71E-12,265978.668510785,-15,0,-3.18273E-07
-0.6,-2.41351E-06,1.402E-11,258051.197357556,-15,0,-2.41351E-07
-0.4,-1.63265E-06,-7.9E-14,252468.35151421,-15,0,-1.63265E-07
-0.2,-8.29153E-07,-9.557E-12,244921.621811317,-15,0,-8.29153E-08
0,5.25532E-10,-7.438E-12,237167.461572942,-15,0,5.25532E-11
0.2,8.57419E-07,-9.146E-12,228909.630385411,-15,0,8.57419E-08
0.4,1.74794E-06,1.875E-12,218623.318035167,-15,0,1.74794E-07
0.6,2.68705E-06,1.024E-12,209507.447989776,-15,0,2.68705E-07
0.8,3.65718E-06,-7.712E-12,200637.022546585,-15,0,3.65718E-07
1,4.6807E-06,-9.189E-12,195404.095669845,-15,0,4.6807E-07
